set,folder,architecture,dataset,attack,poison_rate,combination,rule,rates,skipped,tpr_0.01,fpr_0.01,tpr_0.05,fpr_0.05,tpr_0.1,fpr_0.1,tpr_0.2,fpr_0.2,auroc
swin_panel,swin_cifar100_adaptive_blend_0_05,swin,cifar100,adaptive_blend,0.05,tm,psu,tm=0.5,,0.9121,0.0052,0.9121,0.0382,0.9122,0.0893,0.9133,0.1867,0.9207
swin_panel,swin_cifar100_adaptive_blend_0_05,swin,cifar100,adaptive_blend,0.05,rd,psu,rd=0.07,,0.5649,0.0073,0.9051,0.0452,0.9122,0.0929,0.913,0.1994,0.9199
swin_panel,swin_cifar100_adaptive_blend_0_05,swin,cifar100,adaptive_blend,0.05,band,psu,band=0.99,,0.0392,0.0112,0.5226,0.0437,0.8221,0.0956,0.9397,0.1965,0.9244
swin_panel,swin_cifar100_adaptive_blend_0_05,swin,cifar100,adaptive_blend,0.05,late,,late=None,late: probe not defined for this architecture in config.PROBES,,,,,,,,,
swin_panel,swin_cifar100_adaptive_blend_0_05,swin,cifar100,adaptive_blend,0.05,tm+band,min,tm=0.5 band=0.99,,0.9114,0.0052,0.9184,0.0379,0.9286,0.0802,0.9426,0.1784,0.966
swin_panel,swin_cifar100_adaptive_blend_0_05,swin,cifar100,adaptive_blend,0.05,tm+band,weighted,tm=0.5 band=0.99,,0.9121,0.004,0.9126,0.0374,0.914,0.0882,0.9181,0.1877,0.9337
swin_panel,swin_cifar100_adaptive_blend_0_05,swin,cifar100,adaptive_blend,0.05,tm+rd,min,tm=0.5 rd=0.07,,0.9114,0.0057,0.9121,0.0455,0.9122,0.0932,0.9132,0.1896,0.9221
swin_panel,swin_cifar100_adaptive_blend_0_05,swin,cifar100,adaptive_blend,0.05,tm+rd,weighted,tm=0.5 rd=0.07,,0.9121,0.004,0.9121,0.0393,0.9122,0.0887,0.9133,0.1905,0.9204
swin_panel,swin_cifar100_adaptive_blend_0_05,swin,cifar100,adaptive_blend,0.05,tm+band+rd,min,tm=0.5 band=0.99 rd=0.07,,0.9107,0.0058,0.9166,0.0449,0.9246,0.0887,0.9361,0.1829,0.9589
swin_panel,swin_cifar100_adaptive_blend_0_05,swin,cifar100,adaptive_blend,0.05,tm+band+rd,weighted,tm=0.5 band=0.99 rd=0.07,,0.9121,0.0039,0.9122,0.0385,0.9127,0.0881,0.9154,0.1903,0.9268
swin_panel,swin_cifar100_adaptive_blend_0_1,swin,cifar100,adaptive_blend,0.1,tm,psu,tm=0.4,,0.9704,0.0072,0.9711,0.0412,0.9711,0.093,0.9712,0.1992,0.9698
swin_panel,swin_cifar100_adaptive_blend_0_1,swin,cifar100,adaptive_blend,0.1,rd,psu,rd=0.07,,0.9711,0.0034,0.9711,0.0425,0.9711,0.0874,0.9711,0.1997,0.9729
swin_panel,swin_cifar100_adaptive_blend_0_1,swin,cifar100,adaptive_blend,0.1,band,psu,band=0.99,,0.0392,0.0081,0.8675,0.0437,0.9733,0.0951,0.9853,0.1923,0.9654
swin_panel,swin_cifar100_adaptive_blend_0_1,swin,cifar100,adaptive_blend,0.1,late,,late=None,late: probe not defined for this architecture in config.PROBES,,,,,,,,,
swin_panel,swin_cifar100_adaptive_blend_0_1,swin,cifar100,adaptive_blend,0.1,tm+band,min,tm=0.4 band=0.99,,0.9521,0.0071,0.9732,0.0445,0.977,0.0898,0.9818,0.1953,0.9854
swin_panel,swin_cifar100_adaptive_blend_0_1,swin,cifar100,adaptive_blend,0.1,tm+band,weighted,tm=0.4 band=0.99,,0.9697,0.0067,0.9713,0.0452,0.9714,0.0929,0.9727,0.2009,0.9746
swin_panel,swin_cifar100_adaptive_blend_0_1,swin,cifar100,adaptive_blend,0.1,tm+rd,min,tm=0.4 rd=0.07,,0.9711,0.0059,0.9711,0.0436,0.9711,0.0951,0.9711,0.1982,0.9711
swin_panel,swin_cifar100_adaptive_blend_0_1,swin,cifar100,adaptive_blend,0.1,tm+rd,weighted,tm=0.4 rd=0.07,,0.9704,0.0073,0.9711,0.0412,0.9711,0.0937,0.9712,0.1997,0.9697
swin_panel,swin_cifar100_adaptive_blend_0_1,swin,cifar100,adaptive_blend,0.1,tm+band+rd,min,tm=0.4 band=0.99 rd=0.07,,0.9678,0.0061,0.9725,0.0408,0.9752,0.093,0.979,0.1862,0.9844
swin_panel,swin_cifar100_adaptive_blend_0_1,swin,cifar100,adaptive_blend,0.1,tm+band+rd,weighted,tm=0.4 band=0.99 rd=0.07,,0.9697,0.0067,0.9711,0.0433,0.9713,0.0949,0.9717,0.2004,0.972
swin_panel,swin_cifar100_badnet_a2o_0_01,swin,cifar100,badnet_a2o,0.01,tm,psu,tm=0.5,,0.9951,0.0053,1.0,0.0303,1.0,0.073,1.0,0.1698,0.9998
swin_panel,swin_cifar100_badnet_a2o_0_01,swin,cifar100,badnet_a2o,0.01,rd,psu,rd=0.07,,0.0,0.0068,0.0047,0.044,0.0715,0.0931,0.3605,0.1975,0.6428
swin_panel,swin_cifar100_badnet_a2o_0_01,swin,cifar100,badnet_a2o,0.01,band,psu,band=0.99,,0.0,0.0063,0.2911,0.0395,0.7419,0.082,0.9707,0.184,0.9329
swin_panel,swin_cifar100_badnet_a2o_0_01,swin,cifar100,badnet_a2o,0.01,late,,late=None,late: probe not defined for this architecture in config.PROBES,,,,,,,,,
swin_panel,swin_cifar100_badnet_a2o_0_01,swin,cifar100,badnet_a2o,0.01,tm+band,min,tm=0.5 band=0.99,,0.9817,0.0069,0.9999,0.0354,1.0,0.0748,1.0,0.1669,0.9995
swin_panel,swin_cifar100_badnet_a2o_0_01,swin,cifar100,badnet_a2o,0.01,tm+band,weighted,tm=0.5 band=0.99,,0.9949,0.0051,1.0,0.0312,1.0,0.0711,1.0,0.1735,0.9997
swin_panel,swin_cifar100_badnet_a2o_0_01,swin,cifar100,badnet_a2o,0.01,tm+rd,min,tm=0.5 rd=0.07,,0.9817,0.0058,0.9999,0.0355,1.0,0.0816,1.0,0.1762,0.9994
swin_panel,swin_cifar100_badnet_a2o_0_01,swin,cifar100,badnet_a2o,0.01,tm+rd,weighted,tm=0.5 rd=0.07,,0.9949,0.0058,1.0,0.0289,1.0,0.0697,1.0,0.1703,0.9997
swin_panel,swin_cifar100_badnet_a2o_0_01,swin,cifar100,badnet_a2o,0.01,tm+band+rd,min,tm=0.5 band=0.99 rd=0.07,,0.9483,0.0049,0.9986,0.036,1.0,0.0843,1.0,0.1701,0.9991
swin_panel,swin_cifar100_badnet_a2o_0_01,swin,cifar100,badnet_a2o,0.01,tm+band+rd,weighted,tm=0.5 band=0.99 rd=0.07,,0.9951,0.0051,1.0,0.0282,1.0,0.0725,1.0,0.1692,0.9997
swin_panel,swin_cifar100_badnet_a2o_0_05,swin,cifar100,badnet_a2o,0.05,tm,psu,tm=0.4,,0.9913,0.0062,0.9999,0.0371,1.0,0.0951,1.0,0.1976,0.9996
swin_panel,swin_cifar100_badnet_a2o_0_05,swin,cifar100,badnet_a2o,0.05,rd,psu,rd=0.07,,0.0152,0.0066,0.2088,0.0456,0.4198,0.0879,0.7472,0.1881,0.8535
swin_panel,swin_cifar100_badnet_a2o_0_05,swin,cifar100,badnet_a2o,0.05,band,psu,band=0.99,,0.2139,0.0047,0.9884,0.0339,0.9997,0.0791,1.0,0.1818,0.9899
swin_panel,swin_cifar100_badnet_a2o_0_05,swin,cifar100,badnet_a2o,0.05,late,,late=None,late: probe not defined for this architecture in config.PROBES,,,,,,,,,
swin_panel,swin_cifar100_badnet_a2o_0_05,swin,cifar100,badnet_a2o,0.05,tm+band,min,tm=0.4 band=0.99,,0.963,0.0043,0.9995,0.0335,1.0,0.0748,1.0,0.1885,0.9993
swin_panel,swin_cifar100_badnet_a2o_0_05,swin,cifar100,badnet_a2o,0.05,tm+band,weighted,tm=0.4 band=0.99,,0.9874,0.0051,0.9999,0.0365,1.0,0.0873,1.0,0.196,0.9996
swin_panel,swin_cifar100_badnet_a2o_0_05,swin,cifar100,badnet_a2o,0.05,tm+rd,min,tm=0.4 rd=0.07,,0.9622,0.0062,0.9987,0.0459,0.9999,0.0887,1.0,0.1913,0.9968
swin_panel,swin_cifar100_badnet_a2o_0_05,swin,cifar100,badnet_a2o,0.05,tm+rd,weighted,tm=0.4 rd=0.07,,0.9874,0.0069,0.9999,0.0377,1.0,0.0903,1.0,0.1991,0.9986
swin_panel,swin_cifar100_badnet_a2o_0_05,swin,cifar100,badnet_a2o,0.05,tm+band+rd,min,tm=0.4 band=0.99 rd=0.07,,0.9368,0.0058,0.9961,0.0359,1.0,0.0838,1.0,0.1749,0.9966
swin_panel,swin_cifar100_badnet_a2o_0_05,swin,cifar100,badnet_a2o,0.05,tm+band+rd,weighted,tm=0.4 band=0.99 rd=0.07,,0.9874,0.0059,0.9999,0.0379,1.0,0.0876,1.0,0.197,0.9987
swin_panel,swin_cifar100_badnet_a2o_0_1,swin,cifar100,badnet_a2o,0.1,tm,psu,tm=0.4,,0.9963,0.0039,0.9999,0.0383,1.0,0.0859,1.0,0.1884,0.9998
swin_panel,swin_cifar100_badnet_a2o_0_1,swin,cifar100,badnet_a2o,0.1,rd,psu,rd=0.09,,0.0857,0.0099,0.4216,0.0409,0.6859,0.0859,0.9381,0.1923,0.9271
swin_panel,swin_cifar100_badnet_a2o_0_1,swin,cifar100,badnet_a2o,0.1,band,psu,band=0.99,,0.0004,0.0134,0.334,0.0474,0.8085,0.0996,0.9677,0.1931,0.9265
swin_panel,swin_cifar100_badnet_a2o_0_1,swin,cifar100,badnet_a2o,0.1,late,,late=None,late: probe not defined for this architecture in config.PROBES,,,,,,,,,
swin_panel,swin_cifar100_badnet_a2o_0_1,swin,cifar100,badnet_a2o,0.1,tm+band,min,tm=0.4 band=0.99,,0.9942,0.0085,0.9994,0.0387,0.9999,0.0925,1.0,0.2006,0.999
swin_panel,swin_cifar100_badnet_a2o_0_1,swin,cifar100,badnet_a2o,0.1,tm+band,weighted,tm=0.4 band=0.99,,0.9962,0.0056,0.9999,0.0387,1.0,0.0882,1.0,0.1865,0.9991
swin_panel,swin_cifar100_badnet_a2o_0_1,swin,cifar100,badnet_a2o,0.1,tm+rd,min,tm=0.4 rd=0.09,,0.9942,0.0061,0.9994,0.0354,0.9999,0.0806,1.0,0.1876,0.9997
swin_panel,swin_cifar100_badnet_a2o_0_1,swin,cifar100,badnet_a2o,0.1,tm+rd,weighted,tm=0.4 rd=0.09,,0.9962,0.0038,0.9999,0.0393,1.0,0.0838,1.0,0.1853,0.9997
swin_panel,swin_cifar100_badnet_a2o_0_1,swin,cifar100,badnet_a2o,0.1,tm+band+rd,min,tm=0.4 band=0.99 rd=0.09,,0.9915,0.0064,0.9985,0.0395,0.9996,0.0903,1.0,0.1864,0.9989
swin_panel,swin_cifar100_badnet_a2o_0_1,swin,cifar100,badnet_a2o,0.1,tm+band+rd,weighted,tm=0.4 band=0.99 rd=0.09,,0.9962,0.0049,0.9999,0.0379,1.0,0.0848,1.0,0.1883,0.9991
swin_panel,swin_cifar100_blend_0_01,swin,cifar100,blend,0.01,tm,psu,tm=0.5,,0.9951,0.0097,0.9976,0.0469,0.9982,0.0944,0.9987,0.1819,0.9985
swin_panel,swin_cifar100_blend_0_01,swin,cifar100,blend,0.01,rd,psu,rd=0.07,,0.4787,0.0069,0.9971,0.0441,0.9989,0.098,0.9991,0.1866,0.9918
swin_panel,swin_cifar100_blend_0_01,swin,cifar100,blend,0.01,band,psu,band=0.99,,0.0001,0.0072,0.4262,0.0502,0.751,0.094,0.9391,0.1944,0.9216
swin_panel,swin_cifar100_blend_0_01,swin,cifar100,blend,0.01,late,,late=None,late: probe not defined for this architecture in config.PROBES,,,,,,,,,
swin_panel,swin_cifar100_blend_0_01,swin,cifar100,blend,0.01,tm+band,min,tm=0.5 band=0.99,,0.9866,0.0087,0.9968,0.0449,0.9981,0.0992,0.999,0.2018,0.9973
swin_panel,swin_cifar100_blend_0_01,swin,cifar100,blend,0.01,tm+band,weighted,tm=0.5 band=0.99,,0.9931,0.0081,0.9975,0.0447,0.9981,0.0915,0.9987,0.1848,0.9972
swin_panel,swin_cifar100_blend_0_01,swin,cifar100,blend,0.01,tm+rd,min,tm=0.5 rd=0.07,,0.9896,0.009,0.9976,0.0392,0.9987,0.0969,0.999,0.1895,0.9957
swin_panel,swin_cifar100_blend_0_01,swin,cifar100,blend,0.01,tm+rd,weighted,tm=0.5 rd=0.07,,0.9931,0.0099,0.9977,0.0476,0.9982,0.096,0.9986,0.1837,0.9959
swin_panel,swin_cifar100_blend_0_01,swin,cifar100,blend,0.01,tm+band+rd,min,tm=0.5 band=0.99 rd=0.07,,0.9845,0.0104,0.9967,0.0393,0.9987,0.0963,0.9991,0.2021,0.9954
swin_panel,swin_cifar100_blend_0_01,swin,cifar100,blend,0.01,tm+band+rd,weighted,tm=0.5 band=0.99 rd=0.07,,0.9931,0.0097,0.9976,0.0478,0.9982,0.0944,0.9986,0.1819,0.9956
swin_panel,swin_cifar100_blend_0_05,swin,cifar100,blend,0.05,tm,psu,tm=0.5,,0.9992,0.0086,1.0,0.0427,1.0,0.0815,1.0,0.1778,0.9999
swin_panel,swin_cifar100_blend_0_05,swin,cifar100,blend,0.05,rd,psu,rd=0.07,,1.0,0.0051,1.0,0.0433,1.0,0.0937,1.0,0.18,0.9977
swin_panel,swin_cifar100_blend_0_05,swin,cifar100,blend,0.05,band,psu,band=0.99,,0.2432,0.0101,0.9228,0.0508,0.9818,0.1001,0.9965,0.2038,0.9761
swin_panel,swin_cifar100_blend_0_05,swin,cifar100,blend,0.05,late,,late=None,late: probe not defined for this architecture in config.PROBES,,,,,,,,,
swin_panel,swin_cifar100_blend_0_05,swin,cifar100,blend,0.05,tm+band,min,tm=0.5 band=0.99,,0.9985,0.0095,0.9999,0.0457,1.0,0.0907,1.0,0.1779,0.9995
swin_panel,swin_cifar100_blend_0_05,swin,cifar100,blend,0.05,tm+band,weighted,tm=0.5 band=0.99,,0.9992,0.0088,1.0,0.0436,1.0,0.0858,1.0,0.1762,0.9996
swin_panel,swin_cifar100_blend_0_05,swin,cifar100,blend,0.05,tm+rd,min,tm=0.5 rd=0.07,,0.9985,0.0072,1.0,0.0371,1.0,0.0902,1.0,0.181,0.9994
swin_panel,swin_cifar100_blend_0_05,swin,cifar100,blend,0.05,tm+rd,weighted,tm=0.5 rd=0.07,,0.9992,0.0092,1.0,0.0413,1.0,0.0811,1.0,0.179,0.9995
swin_panel,swin_cifar100_blend_0_05,swin,cifar100,blend,0.05,tm+band+rd,min,tm=0.5 band=0.99 rd=0.07,,0.9946,0.0061,1.0,0.0397,1.0,0.0882,1.0,0.199,0.9992
swin_panel,swin_cifar100_blend_0_05,swin,cifar100,blend,0.05,tm+band+rd,weighted,tm=0.5 band=0.99 rd=0.07,,0.9992,0.0088,1.0,0.043,1.0,0.0829,1.0,0.1771,0.9994
swin_panel,swin_cifar100_blend_0_1,swin,cifar100,blend,0.1,tm,psu,tm=0.5,,0.9843,0.0068,0.9995,0.0457,0.9999,0.0988,1.0,0.1992,0.9987
swin_panel,swin_cifar100_blend_0_1,swin,cifar100,blend,0.1,rd,psu,rd=0.07,,1.0,0.0096,1.0,0.0479,1.0,0.1084,1.0,0.2029,0.9987
swin_panel,swin_cifar100_blend_0_1,swin,cifar100,blend,0.1,band,psu,band=0.99,,0.0201,0.0119,0.6739,0.0467,0.9213,0.0994,0.9841,0.1951,0.952
swin_panel,swin_cifar100_blend_0_1,swin,cifar100,blend,0.1,late,,late=None,late: probe not defined for this architecture in config.PROBES,,,,,,,,,
swin_panel,swin_cifar100_blend_0_1,swin,cifar100,blend,0.1,tm+band,min,tm=0.5 band=0.99,,0.964,0.0111,0.9972,0.0459,0.9999,0.0965,1.0,0.1942,0.9957
swin_panel,swin_cifar100_blend_0_1,swin,cifar100,blend,0.1,tm+band,weighted,tm=0.5 band=0.99,,0.9814,0.0095,0.9994,0.0451,0.9999,0.1001,1.0,0.2013,0.997
swin_panel,swin_cifar100_blend_0_1,swin,cifar100,blend,0.1,tm+rd,min,tm=0.5 rd=0.07,,0.9994,0.0088,1.0,0.0479,1.0,0.1011,1.0,0.2014,0.9979
swin_panel,swin_cifar100_blend_0_1,swin,cifar100,blend,0.1,tm+rd,weighted,tm=0.5 rd=0.07,,0.9814,0.0072,1.0,0.0452,1.0,0.1021,1.0,0.2004,0.9977
swin_panel,swin_cifar100_blend_0_1,swin,cifar100,blend,0.1,tm+band+rd,min,tm=0.5 band=0.99 rd=0.07,,0.9963,0.0097,1.0,0.0446,1.0,0.096,1.0,0.2066,0.9955
swin_panel,swin_cifar100_blend_0_1,swin,cifar100,blend,0.1,tm+band+rd,weighted,tm=0.5 band=0.99 rd=0.07,,0.9814,0.0087,0.9999,0.0431,1.0,0.1004,1.0,0.2,0.9963
swin_panel,swin_cifar100_bpp_0_01,swin,cifar100,bpp,0.01,tm,psu,tm=0.5,,0.9627,0.0068,0.9891,0.0361,0.9932,0.087,0.9951,0.1855,0.9967
swin_panel,swin_cifar100_bpp_0_01,swin,cifar100,bpp,0.01,rd,psu,rd=0.07,,0.9936,0.004,0.9937,0.0395,0.9937,0.0949,0.9938,0.197,0.9945
swin_panel,swin_cifar100_bpp_0_01,swin,cifar100,bpp,0.01,band,psu,band=0.99,,0.8681,0.0125,0.9688,0.0517,0.9853,0.0975,0.9918,0.1948,0.9895
swin_panel,swin_cifar100_bpp_0_01,swin,cifar100,bpp,0.01,late,,late=None,late: probe not defined for this architecture in config.PROBES,,,,,,,,,
swin_panel,swin_cifar100_bpp_0_01,swin,cifar100,bpp,0.01,tm+band,min,tm=0.5 band=0.99,,0.9433,0.0096,0.9855,0.045,0.9927,0.0869,0.9951,0.1824,0.9952
swin_panel,swin_cifar100_bpp_0_01,swin,cifar100,bpp,0.01,tm+band,weighted,tm=0.5 band=0.99,,0.961,0.009,0.9895,0.0395,0.9939,0.0916,0.9955,0.1895,0.9957
swin_panel,swin_cifar100_bpp_0_01,swin,cifar100,bpp,0.01,tm+rd,min,tm=0.5 rd=0.07,,0.9588,0.0033,0.9939,0.0379,0.9941,0.082,0.9946,0.1866,0.9962
swin_panel,swin_cifar100_bpp_0_01,swin,cifar100,bpp,0.01,tm+rd,weighted,tm=0.5 rd=0.07,,0.9605,0.0066,0.9908,0.0352,0.9943,0.0879,0.9952,0.1862,0.9966
swin_panel,swin_cifar100_bpp_0_01,swin,cifar100,bpp,0.01,tm+band+rd,min,tm=0.5 band=0.99 rd=0.07,,0.9416,0.0075,0.9944,0.0438,0.9948,0.0954,0.9952,0.1834,0.9956
swin_panel,swin_cifar100_bpp_0_01,swin,cifar100,bpp,0.01,tm+band+rd,weighted,tm=0.5 band=0.99 rd=0.07,,0.9606,0.0078,0.9907,0.0388,0.9939,0.0898,0.9953,0.1886,0.9958
swin_panel,swin_cifar100_bpp_0_05,swin,cifar100,bpp,0.05,tm,psu,tm=0.5,,0.9725,0.009,0.9922,0.0422,0.996,0.0733,0.9982,0.1698,0.9983
swin_panel,swin_cifar100_bpp_0_05,swin,cifar100,bpp,0.05,rd,psu,rd=0.07,,0.9937,0.0072,0.9987,0.0529,0.9987,0.1008,0.9987,0.1984,0.9953
swin_panel,swin_cifar100_bpp_0_05,swin,cifar100,bpp,0.05,band,psu,band=0.99,,0.9593,0.0088,0.9949,0.0481,0.9982,0.0944,0.999,0.1818,0.9978
swin_panel,swin_cifar100_bpp_0_05,swin,cifar100,bpp,0.05,late,,late=None,late: probe not defined for this architecture in config.PROBES,,,,,,,,,
swin_panel,swin_cifar100_bpp_0_05,swin,cifar100,bpp,0.05,tm+band,min,tm=0.5 band=0.99,,0.974,0.0093,0.9951,0.0454,0.9982,0.0891,0.9989,0.172,0.9983
swin_panel,swin_cifar100_bpp_0_05,swin,cifar100,bpp,0.05,tm+band,weighted,tm=0.5 band=0.99,,0.9727,0.0088,0.9944,0.0406,0.997,0.0745,0.9987,0.1711,0.9983
swin_panel,swin_cifar100_bpp_0_05,swin,cifar100,bpp,0.05,tm+rd,min,tm=0.5 rd=0.07,,0.9819,0.0095,0.9984,0.0456,0.9987,0.094,0.9987,0.1846,0.9986
swin_panel,swin_cifar100_bpp_0_05,swin,cifar100,bpp,0.05,tm+rd,weighted,tm=0.5 rd=0.07,,0.9727,0.0099,0.9941,0.0454,0.9977,0.0758,0.999,0.1738,0.9984
swin_panel,swin_cifar100_bpp_0_05,swin,cifar100,bpp,0.05,tm+band+rd,min,tm=0.5 band=0.99 rd=0.07,,0.9818,0.0099,0.9981,0.0392,0.999,0.0897,0.999,0.1827,0.9984
swin_panel,swin_cifar100_bpp_0_05,swin,cifar100,bpp,0.05,tm+band+rd,weighted,tm=0.5 band=0.99 rd=0.07,,0.9728,0.0088,0.9949,0.0423,0.9973,0.0769,0.9987,0.1728,0.9982
swin_panel,swin_cifar100_bpp_0_1,swin,cifar100,bpp,0.1,tm,psu,tm=0.5,,0.9764,0.0076,0.9909,0.0416,0.9944,0.0857,0.9975,0.2073,0.998
swin_panel,swin_cifar100_bpp_0_1,swin,cifar100,bpp,0.1,rd,psu,rd=0.07,,0.9947,0.0049,0.9987,0.0426,0.9989,0.0937,0.9989,0.1922,0.9959
swin_panel,swin_cifar100_bpp_0_1,swin,cifar100,bpp,0.1,band,psu,band=0.99,,0.8349,0.0093,0.985,0.0473,0.9932,0.0916,0.9972,0.1866,0.992
swin_panel,swin_cifar100_bpp_0_1,swin,cifar100,bpp,0.1,late,,late=None,late: probe not defined for this architecture in config.PROBES,,,,,,,,,
swin_panel,swin_cifar100_bpp_0_1,swin,cifar100,bpp,0.1,tm+band,min,tm=0.5 band=0.99,,0.9727,0.0093,0.9898,0.0451,0.9943,0.0886,0.9976,0.1856,0.9977
swin_panel,swin_cifar100_bpp_0_1,swin,cifar100,bpp,0.1,tm+band,weighted,tm=0.5 band=0.99,,0.9751,0.0073,0.9905,0.0407,0.9947,0.084,0.9979,0.1955,0.9979
swin_panel,swin_cifar100_bpp_0_1,swin,cifar100,bpp,0.1,tm+rd,min,tm=0.5 rd=0.07,,0.9824,0.0073,0.9986,0.039,0.9987,0.0826,0.9989,0.1837,0.9987
swin_panel,swin_cifar100_bpp_0_1,swin,cifar100,bpp,0.1,tm+rd,weighted,tm=0.5 rd=0.07,,0.9754,0.0072,0.9933,0.0414,0.9979,0.0824,0.9989,0.2047,0.9984
swin_panel,swin_cifar100_bpp_0_1,swin,cifar100,bpp,0.1,tm+band+rd,min,tm=0.5 band=0.99 rd=0.07,,0.9635,0.0076,0.9984,0.0397,0.999,0.0833,0.9992,0.1858,0.9986
swin_panel,swin_cifar100_bpp_0_1,swin,cifar100,bpp,0.1,tm+band+rd,weighted,tm=0.5 band=0.99 rd=0.07,,0.9752,0.0066,0.9901,0.0403,0.9966,0.084,0.9987,0.2049,0.9982
swin_panel,swin_cifar100_lf_0_01,swin,cifar100,lf,0.01,tm,psu,tm=0.5,,0.239,0.0075,0.7004,0.0456,0.8515,0.0863,0.9474,0.1795,0.9452
swin_panel,swin_cifar100_lf_0_01,swin,cifar100,lf,0.01,rd,psu,rd=0.07,,0.0153,0.0087,0.4114,0.0548,0.636,0.0998,0.8327,0.1989,0.8736
swin_panel,swin_cifar100_lf_0_01,swin,cifar100,lf,0.01,band,psu,band=0.99,,0.1025,0.0171,0.7223,0.0555,0.9051,0.1065,0.9544,0.2027,0.933
swin_panel,swin_cifar100_lf_0_01,swin,cifar100,lf,0.01,late,,late=None,late: probe not defined for this architecture in config.PROBES,,,,,,,,,
swin_panel,swin_cifar100_lf_0_01,swin,cifar100,lf,0.01,tm+band,min,tm=0.5 band=0.99,,0.1936,0.0162,0.6014,0.0465,0.8816,0.0992,0.9584,0.1995,0.9366
swin_panel,swin_cifar100_lf_0_01,swin,cifar100,lf,0.01,tm+band,weighted,tm=0.5 band=0.99,,0.2256,0.0129,0.6491,0.0483,0.8389,0.0884,0.9474,0.1807,0.9388
swin_panel,swin_cifar100_lf_0_01,swin,cifar100,lf,0.01,tm+rd,min,tm=0.5 rd=0.07,,0.1864,0.0106,0.487,0.0464,0.7481,0.0988,0.8932,0.1865,0.9137
swin_panel,swin_cifar100_lf_0_01,swin,cifar100,lf,0.01,tm+rd,weighted,tm=0.5 rd=0.07,,0.2232,0.0088,0.648,0.0417,0.836,0.0824,0.9454,0.1834,0.9416
swin_panel,swin_cifar100_lf_0_01,swin,cifar100,lf,0.01,tm+band+rd,min,tm=0.5 band=0.99 rd=0.07,,0.0676,0.0124,0.4801,0.0504,0.7831,0.1015,0.9407,0.1948,0.9179
swin_panel,swin_cifar100_lf_0_01,swin,cifar100,lf,0.01,tm+band+rd,weighted,tm=0.5 band=0.99 rd=0.07,,0.2249,0.0124,0.6454,0.0467,0.8327,0.0886,0.9462,0.1798,0.9375
swin_panel,swin_cifar100_lf_0_05,swin,cifar100,lf,0.05,tm,psu,tm=0.5,,0.8941,0.0069,0.9783,0.0416,0.9864,0.0869,0.9889,0.199,0.9908
swin_panel,swin_cifar100_lf_0_05,swin,cifar100,lf,0.05,rd,psu,rd=0.09,,0.1697,0.0117,0.808,0.0546,0.9223,0.1045,0.9778,0.1981,0.9574
swin_panel,swin_cifar100_lf_0_05,swin,cifar100,lf,0.05,band,psu,band=0.99,,0.4702,0.0075,0.977,0.0427,0.9876,0.0926,0.9903,0.1869,0.9842
swin_panel,swin_cifar100_lf_0_05,swin,cifar100,lf,0.05,late,,late=None,late: probe not defined for this architecture in config.PROBES,,,,,,,,,
swin_panel,swin_cifar100_lf_0_05,swin,cifar100,lf,0.05,tm+band,min,tm=0.5 band=0.99,,0.8713,0.0097,0.9794,0.0377,0.9872,0.0883,0.9898,0.185,0.9906
swin_panel,swin_cifar100_lf_0_05,swin,cifar100,lf,0.05,tm+band,weighted,tm=0.5 band=0.99,,0.8857,0.0083,0.9744,0.0393,0.9861,0.0867,0.9888,0.1875,0.9899
swin_panel,swin_cifar100_lf_0_05,swin,cifar100,lf,0.05,tm+rd,min,tm=0.5 rd=0.09,,0.8641,0.0124,0.9515,0.047,0.9834,0.0994,0.9889,0.1934,0.9882
swin_panel,swin_cifar100_lf_0_05,swin,cifar100,lf,0.05,tm+rd,weighted,tm=0.5 rd=0.09,,0.8872,0.008,0.9783,0.0455,0.9861,0.0901,0.9888,0.201,0.9901
swin_panel,swin_cifar100_lf_0_05,swin,cifar100,lf,0.05,tm+band+rd,min,tm=0.5 band=0.99 rd=0.09,,0.8576,0.0109,0.9641,0.0446,0.987,0.0955,0.9895,0.1925,0.9885
swin_panel,swin_cifar100_lf_0_05,swin,cifar100,lf,0.05,tm+band+rd,weighted,tm=0.5 band=0.99 rd=0.09,,0.8876,0.0083,0.976,0.0426,0.9861,0.0901,0.9889,0.1951,0.9893
swin_panel,swin_cifar100_lf_0_1,swin,cifar100,lf,0.1,tm,psu,tm=0.5,,0.9284,0.0109,0.9832,0.0403,0.9934,0.0814,0.9982,0.1793,0.996
swin_panel,swin_cifar100_lf_0_1,swin,cifar100,lf,0.1,rd,psu,rd=0.07,,0.6298,0.008,0.9464,0.0417,0.9881,0.0998,0.997,0.1971,0.986
swin_panel,swin_cifar100_lf_0_1,swin,cifar100,lf,0.1,band,psu,band=0.99,,0.963,0.0099,0.9984,0.045,0.9987,0.0927,0.9991,0.1841,0.9962
swin_panel,swin_cifar100_lf_0_1,swin,cifar100,lf,0.1,late,,late=None,late: probe not defined for this architecture in config.PROBES,,,,,,,,,
swin_panel,swin_cifar100_lf_0_1,swin,cifar100,lf,0.1,tm+band,min,tm=0.5 band=0.99,,0.9612,0.0091,0.9977,0.0464,0.9987,0.0867,0.999,0.1817,0.9966
swin_panel,swin_cifar100_lf_0_1,swin,cifar100,lf,0.1,tm+band,weighted,tm=0.5 band=0.99,,0.9176,0.0093,0.9936,0.0412,0.9977,0.0806,0.9985,0.1851,0.9959
swin_panel,swin_cifar100_lf_0_1,swin,cifar100,lf,0.1,tm+rd,min,tm=0.5 rd=0.07,,0.9011,0.0111,0.9722,0.045,0.9894,0.0864,0.9971,0.1912,0.9936
swin_panel,swin_cifar100_lf_0_1,swin,cifar100,lf,0.1,tm+rd,weighted,tm=0.5 rd=0.07,,0.9232,0.011,0.9822,0.0412,0.9928,0.0812,0.9982,0.1843,0.9957
swin_panel,swin_cifar100_lf_0_1,swin,cifar100,lf,0.1,tm+band+rd,min,tm=0.5 band=0.99 rd=0.07,,0.9496,0.011,0.9972,0.0513,0.9982,0.0959,0.9989,0.188,0.9954
swin_panel,swin_cifar100_lf_0_1,swin,cifar100,lf,0.1,tm+band+rd,weighted,tm=0.5 band=0.99 rd=0.07,,0.9234,0.0106,0.987,0.0406,0.9972,0.0825,0.9984,0.1848,0.9955
swin_panel,swin_cifar100_wanet_0_05,swin,cifar100,wanet,0.05,tm,psu,tm=0.4,,0.0985,0.0068,0.7799,0.0345,0.8671,0.09,0.8815,0.2139,0.904
swin_panel,swin_cifar100_wanet_0_05,swin,cifar100,wanet,0.05,rd,psu,rd=0.07,,0.0033,0.0085,0.0066,0.0432,0.0125,0.0989,0.0251,0.1977,0.2015
swin_panel,swin_cifar100_wanet_0_05,swin,cifar100,wanet,0.05,band,psu,band=0.99,,0.8656,0.0035,0.8805,0.047,0.8943,0.0964,0.9113,0.1864,0.9459
swin_panel,swin_cifar100_wanet_0_05,swin,cifar100,wanet,0.05,late,,late=None,late: probe not defined for this architecture in config.PROBES,,,,,,,,,
swin_panel,swin_cifar100_wanet_0_05,swin,cifar100,wanet,0.05,tm+band,min,tm=0.4 band=0.99,,0.8449,0.0056,0.874,0.0408,0.8854,0.09,0.9015,0.1936,0.9366
swin_panel,swin_cifar100_wanet_0_05,swin,cifar100,wanet,0.05,tm+band,weighted,tm=0.4 band=0.99,,0.0951,0.0069,0.8637,0.0346,0.8721,0.0896,0.885,0.2142,0.9114
swin_panel,swin_cifar100_wanet_0_05,swin,cifar100,wanet,0.05,tm+rd,min,tm=0.4 rd=0.07,,0.0347,0.0076,0.4896,0.0383,0.8217,0.0841,0.8828,0.1982,0.8905
swin_panel,swin_cifar100_wanet_0_05,swin,cifar100,wanet,0.05,tm+rd,weighted,tm=0.4 rd=0.07,,0.0802,0.0073,0.7442,0.0355,0.869,0.0906,0.8834,0.2126,0.9028
swin_panel,swin_cifar100_wanet_0_05,swin,cifar100,wanet,0.05,tm+band+rd,min,tm=0.4 band=0.99 rd=0.07,,0.623,0.0068,0.8734,0.0412,0.8828,0.0859,0.8993,0.1834,0.9339
swin_panel,swin_cifar100_wanet_0_05,swin,cifar100,wanet,0.05,tm+band+rd,weighted,tm=0.4 band=0.99 rd=0.07,,0.0791,0.0062,0.7684,0.0344,0.8742,0.0893,0.8846,0.2128,0.9055
swin_panel,swin_cifar100_wanet_0_1,swin,cifar100,wanet,0.1,tm,psu,tm=0.4,,0.134,0.0072,0.7209,0.038,0.892,0.0896,0.9261,0.1986,0.9265
swin_panel,swin_cifar100_wanet_0_1,swin,cifar100,wanet,0.1,rd,psu,rd=0.09,,0.0021,0.0119,0.0157,0.0499,0.1732,0.1012,0.6371,0.1885,0.8029
swin_panel,swin_cifar100_wanet_0_1,swin,cifar100,wanet,0.1,band,psu,band=0.99,,0.9251,0.0052,0.9327,0.0363,0.9414,0.0883,0.9511,0.1831,0.9705
swin_panel,swin_cifar100_wanet_0_1,swin,cifar100,wanet,0.1,late,,late=None,late: probe not defined for this architecture in config.PROBES,,,,,,,,,
swin_panel,swin_cifar100_wanet_0_1,swin,cifar100,wanet,0.1,tm+band,min,tm=0.4 band=0.99,,0.9223,0.0062,0.9287,0.0389,0.9353,0.0809,0.9471,0.1881,0.9655
swin_panel,swin_cifar100_wanet_0_1,swin,cifar100,wanet,0.1,tm+band,weighted,tm=0.4 band=0.99,,0.8841,0.0063,0.9246,0.0389,0.9285,0.0907,0.9352,0.1919,0.9547
swin_panel,swin_cifar100_wanet_0_1,swin,cifar100,wanet,0.1,tm+rd,min,tm=0.4 rd=0.09,,0.0651,0.0095,0.4312,0.0467,0.7544,0.0859,0.9176,0.1961,0.9057
swin_panel,swin_cifar100_wanet_0_1,swin,cifar100,wanet,0.1,tm+rd,weighted,tm=0.4 rd=0.09,,0.1052,0.0063,0.697,0.0406,0.8912,0.0944,0.9257,0.1986,0.9246
swin_panel,swin_cifar100_wanet_0_1,swin,cifar100,wanet,0.1,tm+band+rd,min,tm=0.4 band=0.99 rd=0.09,,0.9124,0.0073,0.9298,0.0452,0.9348,0.0912,0.9455,0.1909,0.9656
swin_panel,swin_cifar100_wanet_0_1,swin,cifar100,wanet,0.1,tm+band+rd,weighted,tm=0.4 band=0.99 rd=0.09,,0.8546,0.0064,0.9204,0.0402,0.929,0.0948,0.9352,0.2006,0.9529
swin_panel,swin_cifar10_adaptive_blend_0_05,swin,cifar10,adaptive_blend,0.05,tm,psu,tm=0.7,,0.0097,0.0094,0.0182,0.0593,0.0303,0.1117,0.1003,0.2256,0.4963
swin_panel,swin_cifar10_adaptive_blend_0_05,swin,cifar10,adaptive_blend,0.05,rd,psu,rd=0.1,,0.0097,0.0094,0.036,0.0529,0.2208,0.1088,0.6656,0.2003,0.7874
swin_panel,swin_cifar10_adaptive_blend_0_05,swin,cifar10,adaptive_blend,0.05,band,,band=None,band: ladder never reaches the 0.8 shift target,,,,,,,,,
swin_panel,swin_cifar10_adaptive_blend_0_05,swin,cifar10,adaptive_blend,0.05,late,,late=None,late: probe not defined for this architecture in config.PROBES,,,,,,,,,
swin_panel,swin_cifar10_adaptive_blend_0_05,swin,cifar10,adaptive_blend,0.05,tm+band,,tm=0.7 band=None,band: ladder never reaches the 0.8 shift target,,,,,,,,,
swin_panel,swin_cifar10_adaptive_blend_0_05,swin,cifar10,adaptive_blend,0.05,tm+rd,min,tm=0.7 rd=0.1,,0.0139,0.0111,0.0293,0.0458,0.0532,0.1121,0.2526,0.221,0.6722
swin_panel,swin_cifar10_adaptive_blend_0_05,swin,cifar10,adaptive_blend,0.05,tm+rd,weighted,tm=0.7 rd=0.1,,0.01,0.0081,0.0242,0.0572,0.0338,0.1053,0.0719,0.2272,0.4818
swin_panel,swin_cifar10_adaptive_blend_0_05,swin,cifar10,adaptive_blend,0.05,tm+band+rd,,tm=0.7 band=None rd=0.1,band: ladder never reaches the 0.8 shift target,,,,,,,,,
swin_panel,swin_cifar10_adaptive_blend_0_1,swin,cifar10,adaptive_blend,0.1,tm,psu,tm=0.5,,0.9917,0.0057,0.9917,0.0093,0.9917,0.0171,0.9917,0.1108,0.992
swin_panel,swin_cifar10_adaptive_blend_0_1,swin,cifar10,adaptive_blend,0.1,rd,psu,rd=0.07,,0.0688,0.0103,0.3883,0.0129,0.9887,0.0144,0.9917,0.1037,0.9809
swin_panel,swin_cifar10_adaptive_blend_0_1,swin,cifar10,adaptive_blend,0.1,band,,band=None,band: ladder never reaches the 0.8 shift target,,,,,,,,,
swin_panel,swin_cifar10_adaptive_blend_0_1,swin,cifar10,adaptive_blend,0.1,late,,late=None,late: probe not defined for this architecture in config.PROBES,,,,,,,,,
swin_panel,swin_cifar10_adaptive_blend_0_1,swin,cifar10,adaptive_blend,0.1,tm+band,,tm=0.5 band=None,band: ladder never reaches the 0.8 shift target,,,,,,,,,
swin_panel,swin_cifar10_adaptive_blend_0_1,swin,cifar10,adaptive_blend,0.1,tm+rd,min,tm=0.5 rd=0.07,,0.9917,0.0076,0.9917,0.0133,0.9917,0.0156,0.9917,0.1039,0.9913
swin_panel,swin_cifar10_adaptive_blend_0_1,swin,cifar10,adaptive_blend,0.1,tm+rd,weighted,tm=0.5 rd=0.07,,0.9917,0.0058,0.9917,0.0097,0.9917,0.0171,0.9917,0.1106,0.992
swin_panel,swin_cifar10_adaptive_blend_0_1,swin,cifar10,adaptive_blend,0.1,tm+band+rd,,tm=0.5 band=None rd=0.07,band: ladder never reaches the 0.8 shift target,,,,,,,,,
swin_panel,swin_cifar10_badnet_a2o_0_01,swin,cifar10,badnet_a2o,0.01,tm,psu,tm=0.6,,0.9062,0.0135,0.9581,0.0664,0.9954,0.11,0.9996,0.1681,0.9935
swin_panel,swin_cifar10_badnet_a2o_0_01,swin,cifar10,badnet_a2o,0.01,rd,psu,rd=0.1,,0.0197,0.0057,0.1165,0.0314,0.2242,0.0636,0.4276,0.1396,0.8389
swin_panel,swin_cifar10_badnet_a2o_0_01,swin,cifar10,badnet_a2o,0.01,band,psu,band=0.99,,0.0,0.0117,0.0,0.0571,0.0014,0.1124,0.1256,0.1953,0.5778
swin_panel,swin_cifar10_badnet_a2o_0_01,swin,cifar10,badnet_a2o,0.01,late,,late=None,late: probe not defined for this architecture in config.PROBES,,,,,,,,,
swin_panel,swin_cifar10_badnet_a2o_0_01,swin,cifar10,badnet_a2o,0.01,tm+band,min,tm=0.6 band=0.99,,0.8765,0.0089,0.9411,0.0636,0.9919,0.1112,0.9989,0.1835,0.9915
swin_panel,swin_cifar10_badnet_a2o_0_01,swin,cifar10,badnet_a2o,0.01,tm+band,weighted,tm=0.6 band=0.99,,0.8999,0.0118,0.9567,0.0651,0.995,0.1096,0.9996,0.1665,0.9933
swin_panel,swin_cifar10_badnet_a2o_0_01,swin,cifar10,badnet_a2o,0.01,tm+rd,min,tm=0.6 rd=0.1,,0.8706,0.009,0.9356,0.0439,0.9611,0.0928,0.9972,0.1657,0.9904
swin_panel,swin_cifar10_badnet_a2o_0_01,swin,cifar10,badnet_a2o,0.01,tm+rd,weighted,tm=0.6 rd=0.1,,0.8897,0.0104,0.9556,0.0646,0.9825,0.1086,0.9994,0.1692,0.9924
swin_panel,swin_cifar10_badnet_a2o_0_01,swin,cifar10,badnet_a2o,0.01,tm+band+rd,min,tm=0.6 band=0.99 rd=0.1,,0.8429,0.0065,0.9249,0.0483,0.9531,0.0942,0.9965,0.1683,0.9886
swin_panel,swin_cifar10_badnet_a2o_0_01,swin,cifar10,badnet_a2o,0.01,tm+band+rd,weighted,tm=0.6 band=0.99 rd=0.1,,0.8999,0.0128,0.9564,0.066,0.9899,0.111,0.9996,0.1686,0.9924
swin_panel,swin_cifar10_badnet_a2o_0_05,swin,cifar10,badnet_a2o,0.05,tm,psu,tm=0.6,,0.9996,0.0053,1.0,0.0081,1.0,0.0186,1.0,0.109,1.0
swin_panel,swin_cifar10_badnet_a2o_0_05,swin,cifar10,badnet_a2o,0.05,rd,psu,rd=0.09,,0.0004,0.0117,0.0036,0.0517,0.0104,0.1047,0.0394,0.2285,0.4998
swin_panel,swin_cifar10_badnet_a2o_0_05,swin,cifar10,badnet_a2o,0.05,band,,band=None,band: ladder never reaches the 0.8 shift target,,,,,,,,,
swin_panel,swin_cifar10_badnet_a2o_0_05,swin,cifar10,badnet_a2o,0.05,late,,late=None,late: probe not defined for this architecture in config.PROBES,,,,,,,,,
swin_panel,swin_cifar10_badnet_a2o_0_05,swin,cifar10,badnet_a2o,0.05,tm+band,,tm=0.6 band=None,band: ladder never reaches the 0.8 shift target,,,,,,,,,
swin_panel,swin_cifar10_badnet_a2o_0_05,swin,cifar10,badnet_a2o,0.05,tm+rd,min,tm=0.6 rd=0.09,,0.9972,0.0074,1.0,0.0346,1.0,0.0571,1.0,0.12,0.9997
swin_panel,swin_cifar10_badnet_a2o_0_05,swin,cifar10,badnet_a2o,0.05,tm+rd,weighted,tm=0.6 rd=0.09,,0.9996,0.0056,1.0,0.0121,1.0,0.0243,1.0,0.1035,0.9998
swin_panel,swin_cifar10_badnet_a2o_0_05,swin,cifar10,badnet_a2o,0.05,tm+band+rd,,tm=0.6 band=None rd=0.09,band: ladder never reaches the 0.8 shift target,,,,,,,,,
swin_panel,swin_cifar10_badnet_a2o_0_1,swin,cifar10,badnet_a2o,0.1,tm,psu,tm=0.6,,0.9942,0.0063,0.9992,0.0193,0.9996,0.0347,1.0,0.115,0.9996
swin_panel,swin_cifar10_badnet_a2o_0_1,swin,cifar10,badnet_a2o,0.1,rd,psu,rd=0.09,,0.0806,0.0018,0.3922,0.0029,0.8717,0.0064,1.0,0.1115,0.9958
swin_panel,swin_cifar10_badnet_a2o_0_1,swin,cifar10,badnet_a2o,0.1,band,,band=None,band: ladder never reaches the 0.8 shift target,,,,,,,,,
swin_panel,swin_cifar10_badnet_a2o_0_1,swin,cifar10,badnet_a2o,0.1,late,,late=None,late: probe not defined for this architecture in config.PROBES,,,,,,,,,
swin_panel,swin_cifar10_badnet_a2o_0_1,swin,cifar10,badnet_a2o,0.1,tm+band,,tm=0.6 band=None,band: ladder never reaches the 0.8 shift target,,,,,,,,,
swin_panel,swin_cifar10_badnet_a2o_0_1,swin,cifar10,badnet_a2o,0.1,tm+rd,min,tm=0.6 rd=0.09,,0.9867,0.0042,0.9985,0.0143,0.9996,0.025,1.0,0.1199,0.9994
swin_panel,swin_cifar10_badnet_a2o_0_1,swin,cifar10,badnet_a2o,0.1,tm+rd,weighted,tm=0.6 rd=0.09,,0.9936,0.0061,0.9992,0.0192,0.9996,0.0347,1.0,0.115,0.9996
swin_panel,swin_cifar10_badnet_a2o_0_1,swin,cifar10,badnet_a2o,0.1,tm+band+rd,,tm=0.6 band=None rd=0.09,band: ladder never reaches the 0.8 shift target,,,,,,,,,
swin_panel,swin_cifar10_blend_0_01,swin,cifar10,blend,0.01,tm,psu,tm=0.6,,0.8865,0.0097,0.951,0.0522,0.9731,0.1168,0.9931,0.2301,0.9901
swin_panel,swin_cifar10_blend_0_01,swin,cifar10,blend,0.01,rd,psu,rd=0.09,,0.7886,0.0012,0.9993,0.0025,1.0,0.0156,1.0,0.1168,0.9989
swin_panel,swin_cifar10_blend_0_01,swin,cifar10,blend,0.01,band,,band=None,band: ladder never reaches the 0.8 shift target,,,,,,,,,
swin_panel,swin_cifar10_blend_0_01,swin,cifar10,blend,0.01,late,,late=None,late: probe not defined for this architecture in config.PROBES,,,,,,,,,
swin_panel,swin_cifar10_blend_0_01,swin,cifar10,blend,0.01,tm+band,,tm=0.6 band=None,band: ladder never reaches the 0.8 shift target,,,,,,,,,
swin_panel,swin_cifar10_blend_0_01,swin,cifar10,blend,0.01,tm+rd,min,tm=0.6 rd=0.09,,0.7717,0.0026,0.9844,0.03,0.999,0.0539,1.0,0.1315,0.9968
swin_panel,swin_cifar10_blend_0_01,swin,cifar10,blend,0.01,tm+rd,weighted,tm=0.6 rd=0.09,,0.8624,0.0081,0.9521,0.0469,0.9786,0.1003,0.9947,0.2101,0.9912
swin_panel,swin_cifar10_blend_0_01,swin,cifar10,blend,0.01,tm+band+rd,,tm=0.6 band=None rd=0.09,band: ladder never reaches the 0.8 shift target,,,,,,,,,
swin_panel,swin_cifar10_blend_0_05,swin,cifar10,blend,0.05,tm,psu,tm=0.6,,0.939,0.0067,0.9875,0.0579,0.9971,0.1128,0.9999,0.1546,0.9969
swin_panel,swin_cifar10_blend_0_05,swin,cifar10,blend,0.05,rd,psu,rd=0.09,,0.8951,0.0108,0.9932,0.0521,0.9985,0.1033,0.9999,0.1912,0.9944
swin_panel,swin_cifar10_blend_0_05,swin,cifar10,blend,0.05,band,,band=None,band: ladder never reaches the 0.8 shift target,,,,,,,,,
swin_panel,swin_cifar10_blend_0_05,swin,cifar10,blend,0.05,late,,late=None,late: probe not defined for this architecture in config.PROBES,,,,,,,,,
swin_panel,swin_cifar10_blend_0_05,swin,cifar10,blend,0.05,tm+band,,tm=0.6 band=None,band: ladder never reaches the 0.8 shift target,,,,,,,,,
swin_panel,swin_cifar10_blend_0_05,swin,cifar10,blend,0.05,tm+rd,min,tm=0.6 rd=0.09,,0.9517,0.0106,0.9937,0.0456,0.9983,0.1071,0.9999,0.1921,0.9959
swin_panel,swin_cifar10_blend_0_05,swin,cifar10,blend,0.05,tm+rd,weighted,tm=0.6 rd=0.09,,0.9357,0.0076,0.9896,0.0578,0.9967,0.1131,0.9999,0.1568,0.9971
swin_panel,swin_cifar10_blend_0_05,swin,cifar10,blend,0.05,tm+band+rd,,tm=0.6 band=None rd=0.09,band: ladder never reaches the 0.8 shift target,,,,,,,,,
swin_panel,swin_cifar10_blend_0_1,swin,cifar10,blend,0.1,tm,psu,tm=0.6,,0.9975,0.01,0.9989,0.0533,0.9997,0.1157,0.9997,0.2172,0.9997
swin_panel,swin_cifar10_blend_0_1,swin,cifar10,blend,0.1,rd,psu,rd=0.09,,0.9997,0.0008,1.0,0.0021,1.0,0.0256,1.0,0.1053,0.9997
swin_panel,swin_cifar10_blend_0_1,swin,cifar10,blend,0.1,band,,band=None,band: ladder never reaches the 0.8 shift target,,,,,,,,,
swin_panel,swin_cifar10_blend_0_1,swin,cifar10,blend,0.1,late,,late=None,late: probe not defined for this architecture in config.PROBES,,,,,,,,,
swin_panel,swin_cifar10_blend_0_1,swin,cifar10,blend,0.1,tm+band,,tm=0.6 band=None,band: ladder never reaches the 0.8 shift target,,,,,,,,,
swin_panel,swin_cifar10_blend_0_1,swin,cifar10,blend,0.1,tm+rd,min,tm=0.6 rd=0.09,,0.9993,0.0083,1.0,0.0199,1.0,0.0543,1.0,0.1392,0.9998
swin_panel,swin_cifar10_blend_0_1,swin,cifar10,blend,0.1,tm+rd,weighted,tm=0.6 rd=0.09,,0.9975,0.0097,0.9997,0.0444,0.9999,0.104,1.0,0.1968,0.9998
swin_panel,swin_cifar10_blend_0_1,swin,cifar10,blend,0.1,tm+band+rd,,tm=0.6 band=None rd=0.09,band: ladder never reaches the 0.8 shift target,,,,,,,,,
swin_panel,swin_cifar10_bpp_0_01,swin,cifar10,bpp,0.01,tm,psu,tm=0.6,,0.156,0.0075,0.255,0.0542,0.3782,0.1144,0.6042,0.2178,0.8003
swin_panel,swin_cifar10_bpp_0_01,swin,cifar10,bpp,0.01,rd,psu,rd=0.09,,0.9463,0.0006,0.9917,0.0011,0.9935,0.0094,0.9936,0.1115,0.9954
swin_panel,swin_cifar10_bpp_0_01,swin,cifar10,bpp,0.01,band,,band=None,band: ladder never reaches the 0.8 shift target,,,,,,,,,
swin_panel,swin_cifar10_bpp_0_01,swin,cifar10,bpp,0.01,late,,late=None,late: probe not defined for this architecture in config.PROBES,,,,,,,,,
swin_panel,swin_cifar10_bpp_0_01,swin,cifar10,bpp,0.01,tm+band,,tm=0.6 band=None,band: ladder never reaches the 0.8 shift target,,,,,,,,,
swin_panel,swin_cifar10_bpp_0_01,swin,cifar10,bpp,0.01,tm+rd,min,tm=0.6 rd=0.09,,0.8765,0.0044,0.9826,0.0218,0.9917,0.0544,0.9943,0.1215,0.9945
swin_panel,swin_cifar10_bpp_0_01,swin,cifar10,bpp,0.01,tm+rd,weighted,tm=0.6 rd=0.09,,0.366,0.0065,0.8783,0.0496,0.9397,0.0972,0.9769,0.1963,0.9767
swin_panel,swin_cifar10_bpp_0_01,swin,cifar10,bpp,0.01,tm+band+rd,,tm=0.6 band=None rd=0.09,band: ladder never reaches the 0.8 shift target,,,,,,,,,
swin_panel,swin_cifar10_bpp_0_05,swin,cifar10,bpp,0.05,tm,psu,tm=0.6,,0.9812,0.0114,0.9861,0.0599,0.9889,0.1158,0.9926,0.2236,0.9966
swin_panel,swin_cifar10_bpp_0_05,swin,cifar10,bpp,0.05,rd,psu,rd=0.09,,0.9856,0.0007,0.999,0.0022,0.9994,0.0075,0.9994,0.1099,0.9992
swin_panel,swin_cifar10_bpp_0_05,swin,cifar10,bpp,0.05,band,,band=None,band: ladder never reaches the 0.8 shift target,,,,,,,,,
swin_panel,swin_cifar10_bpp_0_05,swin,cifar10,bpp,0.05,late,,late=None,late: probe not defined for this architecture in config.PROBES,,,,,,,,,
swin_panel,swin_cifar10_bpp_0_05,swin,cifar10,bpp,0.05,tm+band,,tm=0.6 band=None,band: ladder never reaches the 0.8 shift target,,,,,,,,,
swin_panel,swin_cifar10_bpp_0_05,swin,cifar10,bpp,0.05,tm+rd,min,tm=0.6 rd=0.09,,0.9901,0.0063,0.9976,0.0286,0.9992,0.0617,0.9994,0.1224,0.9988
swin_panel,swin_cifar10_bpp_0_05,swin,cifar10,bpp,0.05,tm+rd,weighted,tm=0.6 rd=0.09,,0.9843,0.009,0.9933,0.0551,0.9956,0.1022,0.9979,0.1968,0.9979
swin_panel,swin_cifar10_bpp_0_05,swin,cifar10,bpp,0.05,tm+band+rd,,tm=0.6 band=None rd=0.09,band: ladder never reaches the 0.8 shift target,,,,,,,,,
swin_panel,swin_cifar10_bpp_0_1,swin,cifar10,bpp,0.1,tm,psu,tm=0.5,,0.9907,0.0104,0.9935,0.0524,0.9954,0.1151,0.9969,0.2136,0.9984
swin_panel,swin_cifar10_bpp_0_1,swin,cifar10,bpp,0.1,rd,psu,rd=0.09,,0.9778,0.0015,0.9993,0.0028,0.9996,0.0121,0.9996,0.1074,0.9983
swin_panel,swin_cifar10_bpp_0_1,swin,cifar10,bpp,0.1,band,,band=None,band: ladder never reaches the 0.8 shift target,,,,,,,,,
swin_panel,swin_cifar10_bpp_0_1,swin,cifar10,bpp,0.1,late,,late=None,late: probe not defined for this architecture in config.PROBES,,,,,,,,,
swin_panel,swin_cifar10_bpp_0_1,swin,cifar10,bpp,0.1,tm+band,,tm=0.5 band=None,band: ladder never reaches the 0.8 shift target,,,,,,,,,
swin_panel,swin_cifar10_bpp_0_1,swin,cifar10,bpp,0.1,tm+rd,min,tm=0.5 rd=0.09,,0.9924,0.0064,0.9986,0.0247,0.9994,0.0551,0.9997,0.1269,0.9994
swin_panel,swin_cifar10_bpp_0_1,swin,cifar10,bpp,0.1,tm+rd,weighted,tm=0.5 rd=0.09,,0.9903,0.0106,0.9951,0.0453,0.9971,0.0989,0.9987,0.2011,0.9988
swin_panel,swin_cifar10_bpp_0_1,swin,cifar10,bpp,0.1,tm+band+rd,,tm=0.5 band=None rd=0.09,band: ladder never reaches the 0.8 shift target,,,,,,,,,
swin_panel,swin_cifar10_lf_0_01,swin,cifar10,lf,0.01,tm,psu,tm=0.6,,0.9064,0.0026,0.9574,0.006,0.9856,0.0164,0.9943,0.1125,0.9961
swin_panel,swin_cifar10_lf_0_01,swin,cifar10,lf,0.01,rd,psu,rd=0.1,,0.8197,0.0092,0.9594,0.0426,0.9833,0.0849,0.9931,0.1744,0.9893
swin_panel,swin_cifar10_lf_0_01,swin,cifar10,lf,0.01,band,,band=None,band: ladder never reaches the 0.8 shift target,,,,,,,,,
swin_panel,swin_cifar10_lf_0_01,swin,cifar10,lf,0.01,late,,late=None,late: probe not defined for this architecture in config.PROBES,,,,,,,,,
swin_panel,swin_cifar10_lf_0_01,swin,cifar10,lf,0.01,tm+band,,tm=0.6 band=None,band: ladder never reaches the 0.8 shift target,,,,,,,,,
swin_panel,swin_cifar10_lf_0_01,swin,cifar10,lf,0.01,tm+rd,min,tm=0.6 rd=0.1,,0.9204,0.0075,0.9731,0.0247,0.9857,0.0471,0.9937,0.1181,0.9935
swin_panel,swin_cifar10_lf_0_01,swin,cifar10,lf,0.01,tm+rd,weighted,tm=0.6 rd=0.1,,0.909,0.0046,0.9656,0.0107,0.9858,0.0204,0.9942,0.1142,0.9947
swin_panel,swin_cifar10_lf_0_01,swin,cifar10,lf,0.01,tm+band+rd,,tm=0.6 band=None rd=0.1,band: ladder never reaches the 0.8 shift target,,,,,,,,,
swin_panel,swin_cifar10_lf_0_05,swin,cifar10,lf,0.05,tm,psu,tm=0.6,,0.6529,0.0061,0.7532,0.0564,0.7994,0.1069,0.8831,0.1963,0.9395
swin_panel,swin_cifar10_lf_0_05,swin,cifar10,lf,0.05,rd,psu,rd=0.1,,0.011,0.0099,0.0701,0.0528,0.186,0.1013,0.6281,0.2097,0.8128
swin_panel,swin_cifar10_lf_0_05,swin,cifar10,lf,0.05,band,psu,band=0.99,,0.0001,0.0096,0.035,0.0574,0.2585,0.1046,0.9301,0.2147,0.8612
swin_panel,swin_cifar10_lf_0_05,swin,cifar10,lf,0.05,late,,late=None,late: probe not defined for this architecture in config.PROBES,,,,,,,,,
swin_panel,swin_cifar10_lf_0_05,swin,cifar10,lf,0.05,tm+band,min,tm=0.6 band=0.99,,0.6194,0.0074,0.7064,0.0497,0.7564,0.1085,0.8454,0.2039,0.9405
swin_panel,swin_cifar10_lf_0_05,swin,cifar10,lf,0.05,tm+band,weighted,tm=0.6 band=0.99,,0.6465,0.0056,0.75,0.0571,0.7946,0.1092,0.8813,0.2004,0.9379
swin_panel,swin_cifar10_lf_0_05,swin,cifar10,lf,0.05,tm+rd,min,tm=0.6 rd=0.1,,0.6074,0.0074,0.7068,0.0469,0.755,0.1061,0.8186,0.1989,0.9267
swin_panel,swin_cifar10_lf_0_05,swin,cifar10,lf,0.05,tm+rd,weighted,tm=0.6 rd=0.1,,0.6425,0.0056,0.7492,0.0546,0.7933,0.1069,0.8814,0.1986,0.9381
swin_panel,swin_cifar10_lf_0_05,swin,cifar10,lf,0.05,tm+band+rd,min,tm=0.6 band=0.99 rd=0.1,,0.5992,0.0076,0.6936,0.0538,0.7412,0.1067,0.8332,0.2021,0.9363
swin_panel,swin_cifar10_lf_0_05,swin,cifar10,lf,0.05,tm+band+rd,weighted,tm=0.6 band=0.99 rd=0.1,,0.6465,0.0057,0.75,0.0553,0.795,0.1086,0.8826,0.1986,0.9384
swin_panel,swin_cifar10_lf_0_1,swin,cifar10,lf,0.1,tm,psu,tm=0.6,,0.8686,0.0117,0.9131,0.0568,0.9328,0.1068,0.9643,0.2057,0.982
swin_panel,swin_cifar10_lf_0_1,swin,cifar10,lf,0.1,rd,psu,rd=0.09,,0.3847,0.0113,0.6904,0.0579,0.8549,0.1047,0.9746,0.2047,0.9535
swin_panel,swin_cifar10_lf_0_1,swin,cifar10,lf,0.1,band,,band=None,band: ladder never reaches the 0.8 shift target,,,,,,,,,
swin_panel,swin_cifar10_lf_0_1,swin,cifar10,lf,0.1,late,,late=None,late: probe not defined for this architecture in config.PROBES,,,,,,,,,
swin_panel,swin_cifar10_lf_0_1,swin,cifar10,lf,0.1,tm+band,,tm=0.6 band=None,band: ladder never reaches the 0.8 shift target,,,,,,,,,
swin_panel,swin_cifar10_lf_0_1,swin,cifar10,lf,0.1,tm+rd,min,tm=0.6 rd=0.09,,0.8481,0.0089,0.9042,0.05,0.9297,0.1124,0.96,0.211,0.979
swin_panel,swin_cifar10_lf_0_1,swin,cifar10,lf,0.1,tm+rd,weighted,tm=0.6 rd=0.09,,0.8661,0.0106,0.9133,0.0526,0.9308,0.1076,0.9601,0.2142,0.9802
swin_panel,swin_cifar10_lf_0_1,swin,cifar10,lf,0.1,tm+band+rd,,tm=0.6 band=None rd=0.09,band: ladder never reaches the 0.8 shift target,,,,,,,,,
swin_panel,swin_cifar10_tact_0_01,swin,cifar10,tact,0.01,tm,,tm=None,tm: ladder never reaches the 0.8 shift target,,,,,,,,,
swin_panel,swin_cifar10_tact_0_01,swin,cifar10,tact,0.01,rd,psu,rd=0.09,,0.0,0.0,0.0,0.0,0.0101,0.0,0.1583,0.0,0.999
swin_panel,swin_cifar10_tact_0_01,swin,cifar10,tact,0.01,band,,band=None,band: placement not cached,,,,,,,,,
swin_panel,swin_cifar10_tact_0_01,swin,cifar10,tact,0.01,late,,late=None,late: probe not defined for this architecture in config.PROBES,,,,,,,,,
swin_panel,swin_cifar10_tact_0_01,swin,cifar10,tact,0.01,tm+band,,tm=None band=None,tm: ladder never reaches the 0.8 shift target | band: placement not cached,,,,,,,,,
swin_panel,swin_cifar10_tact_0_01,swin,cifar10,tact,0.01,tm+rd,,tm=None rd=0.09,tm: ladder never reaches the 0.8 shift target,,,,,,,,,
swin_panel,swin_cifar10_tact_0_01,swin,cifar10,tact,0.01,tm+band+rd,,tm=None band=None rd=0.09,tm: ladder never reaches the 0.8 shift target | band: placement not cached,,,,,,,,,
swin_panel,swin_cifar10_tact_0_05,swin,cifar10,tact,0.05,tm,,tm=None,tm: ladder never reaches the 0.8 shift target,,,,,,,,,
swin_panel,swin_cifar10_tact_0_05,swin,cifar10,tact,0.05,rd,psu,rd=0.09,,0.0,0.0,0.0013,0.0,0.0088,0.0,0.3028,0.0013,0.9988
swin_panel,swin_cifar10_tact_0_05,swin,cifar10,tact,0.05,band,,band=None,band: placement not cached,,,,,,,,,
swin_panel,swin_cifar10_tact_0_05,swin,cifar10,tact,0.05,late,,late=None,late: probe not defined for this architecture in config.PROBES,,,,,,,,,
swin_panel,swin_cifar10_tact_0_05,swin,cifar10,tact,0.05,tm+band,,tm=None band=None,tm: ladder never reaches the 0.8 shift target | band: placement not cached,,,,,,,,,
swin_panel,swin_cifar10_tact_0_05,swin,cifar10,tact,0.05,tm+rd,,tm=None rd=0.09,tm: ladder never reaches the 0.8 shift target,,,,,,,,,
swin_panel,swin_cifar10_tact_0_05,swin,cifar10,tact,0.05,tm+band+rd,,tm=None band=None rd=0.09,tm: ladder never reaches the 0.8 shift target | band: placement not cached,,,,,,,,,
swin_panel,swin_cifar10_wanet_0_05,swin,cifar10,wanet,0.05,tm,psu,tm=0.5,,0.1631,0.0032,0.5449,0.0067,0.8461,0.0137,0.9768,0.1147,0.9796
swin_panel,swin_cifar10_wanet_0_05,swin,cifar10,wanet,0.05,rd,psu,rd=0.09,,0.0075,0.0019,0.0967,0.0047,0.4254,0.0126,0.9376,0.1187,0.9607
swin_panel,swin_cifar10_wanet_0_05,swin,cifar10,wanet,0.05,band,psu,band=0.99,,0.8903,0.0051,0.9753,0.0072,0.9782,0.0089,0.9833,0.1165,0.9879
swin_panel,swin_cifar10_wanet_0_05,swin,cifar10,wanet,0.05,late,,late=None,late: probe not defined for this architecture in config.PROBES,,,,,,,,,
swin_panel,swin_cifar10_wanet_0_05,swin,cifar10,wanet,0.05,tm+band,min,tm=0.5 band=0.99,,0.7862,0.0046,0.969,0.0075,0.9782,0.0117,0.9817,0.1154,0.9868
swin_panel,swin_cifar10_wanet_0_05,swin,cifar10,wanet,0.05,tm+band,weighted,tm=0.5 band=0.99,,0.1596,0.0035,0.8557,0.0068,0.9568,0.0136,0.9796,0.1147,0.9835
swin_panel,swin_cifar10_wanet_0_05,swin,cifar10,wanet,0.05,tm+rd,min,tm=0.5 rd=0.09,,0.0985,0.0031,0.4414,0.0068,0.8069,0.0143,0.9744,0.1167,0.9783
swin_panel,swin_cifar10_wanet_0_05,swin,cifar10,wanet,0.05,tm+rd,weighted,tm=0.5 rd=0.09,,0.1581,0.0033,0.5292,0.0063,0.8456,0.0139,0.9768,0.1149,0.9795
swin_panel,swin_cifar10_wanet_0_05,swin,cifar10,wanet,0.05,tm+band+rd,min,tm=0.5 band=0.99 rd=0.09,,0.589,0.0036,0.9524,0.0067,0.9785,0.0135,0.9831,0.1181,0.9874
swin_panel,swin_cifar10_wanet_0_05,swin,cifar10,wanet,0.05,tm+band+rd,weighted,tm=0.5 band=0.99 rd=0.09,,0.1586,0.0033,0.7204,0.0068,0.9339,0.0139,0.9785,0.1149,0.9822
swin_panel,swin_cifar10_wanet_0_1,swin,cifar10,wanet,0.1,tm,psu,tm=0.6,,0.1599,0.0047,0.486,0.0265,0.6906,0.0543,0.9576,0.1179,0.9518
swin_panel,swin_cifar10_wanet_0_1,swin,cifar10,wanet,0.1,rd,psu,rd=0.1,,0.0285,0.0054,0.1558,0.0167,0.3537,0.0407,0.8653,0.1171,0.9274
swin_panel,swin_cifar10_wanet_0_1,swin,cifar10,wanet,0.1,band,psu,band=0.99,,0.9675,0.0036,0.9774,0.0086,0.9779,0.0242,0.9811,0.1138,0.9882
swin_panel,swin_cifar10_wanet_0_1,swin,cifar10,wanet,0.1,late,,late=None,late: probe not defined for this architecture in config.PROBES,,,,,,,,,
swin_panel,swin_cifar10_wanet_0_1,swin,cifar10,wanet,0.1,tm+band,min,tm=0.6 band=0.99,,0.9564,0.0042,0.9776,0.0176,0.9786,0.0358,0.981,0.1114,0.9882
swin_panel,swin_cifar10_wanet_0_1,swin,cifar10,wanet,0.1,tm+band,weighted,tm=0.6 band=0.99,,0.9017,0.0056,0.9608,0.0257,0.9742,0.0519,0.9804,0.1172,0.9846
swin_panel,swin_cifar10_wanet_0_1,swin,cifar10,wanet,0.1,tm+rd,min,tm=0.6 rd=0.1,,0.0731,0.004,0.4099,0.0221,0.5975,0.0417,0.9367,0.1143,0.9487
swin_panel,swin_cifar10_wanet_0_1,swin,cifar10,wanet,0.1,tm+rd,weighted,tm=0.6 rd=0.1,,0.149,0.005,0.4796,0.0261,0.6781,0.0526,0.9535,0.1164,0.9516
swin_panel,swin_cifar10_wanet_0_1,swin,cifar10,wanet,0.1,tm+band+rd,min,tm=0.6 band=0.99 rd=0.1,,0.9526,0.0049,0.9765,0.0164,0.9787,0.0389,0.981,0.1118,0.9873
swin_panel,swin_cifar10_wanet_0_1,swin,cifar10,wanet,0.1,tm+band+rd,weighted,tm=0.6 band=0.99 rd=0.1,,0.3946,0.0047,0.9394,0.0258,0.9688,0.0533,0.9794,0.1164,0.9819
swin_panel,swin_gtsrb_adaptive_blend_0_05,swin,gtsrb,adaptive_blend,0.05,tm,psu,tm=0.4,,0.6925,0.0075,0.8676,0.0525,0.8768,0.0968,0.8938,0.2008,0.9248
swin_panel,swin_gtsrb_adaptive_blend_0_05,swin,gtsrb,adaptive_blend,0.05,rd,psu,rd=0.05,,0.8082,0.0131,0.8545,0.0551,0.8674,0.1085,0.878,0.2031,0.9257
swin_panel,swin_gtsrb_adaptive_blend_0_05,swin,gtsrb,adaptive_blend,0.05,band,psu,band=0.99,,0.9116,0.0161,0.9402,0.0545,0.9585,0.1112,0.9727,0.2088,0.9824
swin_panel,swin_gtsrb_adaptive_blend_0_05,swin,gtsrb,adaptive_blend,0.05,late,,late=None,late: probe not defined for this architecture in config.PROBES,,,,,,,,,
swin_panel,swin_gtsrb_adaptive_blend_0_05,swin,gtsrb,adaptive_blend,0.05,tm+band,min,tm=0.4 band=0.99,,0.8774,0.0048,0.9303,0.0551,0.9459,0.1022,0.9674,0.2072,0.9778
swin_panel,swin_gtsrb_adaptive_blend_0_05,swin,gtsrb,adaptive_blend,0.05,tm+band,weighted,tm=0.4 band=0.99,,0.8457,0.0069,0.8906,0.0512,0.9202,0.1021,0.9375,0.2034,0.956
swin_panel,swin_gtsrb_adaptive_blend_0_05,swin,gtsrb,adaptive_blend,0.05,tm+rd,min,tm=0.4 rd=0.05,,0.7927,0.0059,0.8683,0.0579,0.8739,0.1047,0.8854,0.2027,0.9284
swin_panel,swin_gtsrb_adaptive_blend_0_05,swin,gtsrb,adaptive_blend,0.05,tm+rd,weighted,tm=0.4 rd=0.05,,0.7065,0.0066,0.8691,0.0509,0.8766,0.1009,0.8926,0.2041,0.9248
swin_panel,swin_gtsrb_adaptive_blend_0_05,swin,gtsrb,adaptive_blend,0.05,tm+band+rd,min,tm=0.4 band=0.99 rd=0.05,,0.8764,0.0059,0.9232,0.0649,0.9381,0.1102,0.9593,0.21,0.9737
swin_panel,swin_gtsrb_adaptive_blend_0_05,swin,gtsrb,adaptive_blend,0.05,tm+band+rd,weighted,tm=0.4 band=0.99 rd=0.05,,0.7023,0.0066,0.8733,0.0504,0.8961,0.0969,0.9316,0.2079,0.9475
swin_panel,swin_gtsrb_adaptive_blend_0_1,swin,gtsrb,adaptive_blend,0.1,tm,psu,tm=0.5,,0.9997,0.0057,0.9997,0.0426,0.9999,0.0896,0.9999,0.1903,0.9999
swin_panel,swin_gtsrb_adaptive_blend_0_1,swin,gtsrb,adaptive_blend,0.1,rd,psu,rd=0.03,,0.8571,0.0088,0.997,0.0549,0.9997,0.1047,0.9999,0.2023,0.9952
swin_panel,swin_gtsrb_adaptive_blend_0_1,swin,gtsrb,adaptive_blend,0.1,band,psu,band=0.99,,1.0,0.0048,1.0,0.0375,1.0,0.0926,1.0,0.1994,0.9996
swin_panel,swin_gtsrb_adaptive_blend_0_1,swin,gtsrb,adaptive_blend,0.1,late,,late=None,late: probe not defined for this architecture in config.PROBES,,,,,,,,,
swin_panel,swin_gtsrb_adaptive_blend_0_1,swin,gtsrb,adaptive_blend,0.1,tm+band,min,tm=0.5 band=0.99,,0.9997,0.0029,1.0,0.0423,1.0,0.0929,1.0,0.1957,0.9998
swin_panel,swin_gtsrb_adaptive_blend_0_1,swin,gtsrb,adaptive_blend,0.1,tm+band,weighted,tm=0.5 band=0.99,,0.9997,0.0043,0.9997,0.042,1.0,0.0872,1.0,0.1912,0.9998
swin_panel,swin_gtsrb_adaptive_blend_0_1,swin,gtsrb,adaptive_blend,0.1,tm+rd,min,tm=0.5 rd=0.03,,0.9996,0.0059,0.9997,0.0485,0.9997,0.103,0.9999,0.2002,0.9997
swin_panel,swin_gtsrb_adaptive_blend_0_1,swin,gtsrb,adaptive_blend,0.1,tm+rd,weighted,tm=0.5 rd=0.03,,0.9997,0.0039,0.9997,0.0434,0.9999,0.0887,0.9999,0.1911,0.9998
swin_panel,swin_gtsrb_adaptive_blend_0_1,swin,gtsrb,adaptive_blend,0.1,tm+band+rd,min,tm=0.5 band=0.99 rd=0.03,,0.9997,0.0047,1.0,0.0484,1.0,0.0969,1.0,0.1953,0.9998
swin_panel,swin_gtsrb_adaptive_blend_0_1,swin,gtsrb,adaptive_blend,0.1,tm+band+rd,weighted,tm=0.5 band=0.99 rd=0.03,,0.9997,0.0043,0.9997,0.042,0.9999,0.0889,1.0,0.191,0.9998
swin_panel,swin_gtsrb_badnet_a2o_0_01,swin,gtsrb,badnet_a2o,0.01,tm,psu,tm=0.5,,1.0,0.008,1.0,0.048,1.0,0.0975,1.0,0.1991,1.0
swin_panel,swin_gtsrb_badnet_a2o_0_01,swin,gtsrb,badnet_a2o,0.01,rd,psu,rd=0.09,,0.0002,0.0086,0.0334,0.0508,0.1434,0.0983,0.3978,0.1998,0.7286
swin_panel,swin_gtsrb_badnet_a2o_0_01,swin,gtsrb,badnet_a2o,0.01,band,,band=None,band: ladder never reaches the 0.8 shift target,,,,,,,,,
swin_panel,swin_gtsrb_badnet_a2o_0_01,swin,gtsrb,badnet_a2o,0.01,late,,late=None,late: probe not defined for this architecture in config.PROBES,,,,,,,,,
swin_panel,swin_gtsrb_badnet_a2o_0_01,swin,gtsrb,badnet_a2o,0.01,tm+band,,tm=0.5 band=None,band: ladder never reaches the 0.8 shift target,,,,,,,,,
swin_panel,swin_gtsrb_badnet_a2o_0_01,swin,gtsrb,badnet_a2o,0.01,tm+rd,min,tm=0.5 rd=0.09,,1.0,0.0068,1.0,0.0472,1.0,0.0978,1.0,0.1956,0.9995
swin_panel,swin_gtsrb_badnet_a2o_0_01,swin,gtsrb,badnet_a2o,0.01,tm+rd,weighted,tm=0.5 rd=0.09,,1.0,0.0078,1.0,0.0466,1.0,0.0922,1.0,0.2011,0.9995
swin_panel,swin_gtsrb_badnet_a2o_0_01,swin,gtsrb,badnet_a2o,0.01,tm+band+rd,,tm=0.5 band=None rd=0.09,band: ladder never reaches the 0.8 shift target,,,,,,,,,
swin_panel,swin_gtsrb_badnet_a2o_0_05,swin,gtsrb,badnet_a2o,0.05,tm,psu,tm=0.4,,1.0,0.009,1.0,0.0465,1.0,0.1052,1.0,0.1916,1.0
swin_panel,swin_gtsrb_badnet_a2o_0_05,swin,gtsrb,badnet_a2o,0.05,rd,psu,rd=0.09,,0.0009,0.0087,0.0254,0.0505,0.0923,0.1112,0.2191,0.2107,0.5884
swin_panel,swin_gtsrb_badnet_a2o_0_05,swin,gtsrb,badnet_a2o,0.05,band,,band=None,band: ladder never reaches the 0.8 shift target,,,,,,,,,
swin_panel,swin_gtsrb_badnet_a2o_0_05,swin,gtsrb,badnet_a2o,0.05,late,,late=None,late: probe not defined for this architecture in config.PROBES,,,,,,,,,
swin_panel,swin_gtsrb_badnet_a2o_0_05,swin,gtsrb,badnet_a2o,0.05,tm+band,,tm=0.4 band=None,band: ladder never reaches the 0.8 shift target,,,,,,,,,
swin_panel,swin_gtsrb_badnet_a2o_0_05,swin,gtsrb,badnet_a2o,0.05,tm+rd,min,tm=0.4 rd=0.09,,1.0,0.0071,1.0,0.0475,1.0,0.1017,1.0,0.205,0.9999
swin_panel,swin_gtsrb_badnet_a2o_0_05,swin,gtsrb,badnet_a2o,0.05,tm+rd,weighted,tm=0.4 rd=0.09,,1.0,0.0085,1.0,0.0449,1.0,0.0985,1.0,0.1916,0.9999
swin_panel,swin_gtsrb_badnet_a2o_0_05,swin,gtsrb,badnet_a2o,0.05,tm+band+rd,,tm=0.4 band=None rd=0.09,band: ladder never reaches the 0.8 shift target,,,,,,,,,
swin_panel,swin_gtsrb_badnet_a2o_0_1,swin,gtsrb,badnet_a2o,0.1,tm,psu,tm=0.4,,1.0,0.0064,1.0,0.0413,1.0,0.0869,1.0,0.1784,1.0
swin_panel,swin_gtsrb_badnet_a2o_0_1,swin,gtsrb,badnet_a2o,0.1,rd,psu,rd=0.09,,0.6667,0.0081,0.9438,0.0473,1.0,0.0981,1.0,0.2119,0.9892
swin_panel,swin_gtsrb_badnet_a2o_0_1,swin,gtsrb,badnet_a2o,0.1,band,,band=None,band: ladder never reaches the 0.8 shift target,,,,,,,,,
swin_panel,swin_gtsrb_badnet_a2o_0_1,swin,gtsrb,badnet_a2o,0.1,late,,late=None,late: probe not defined for this architecture in config.PROBES,,,,,,,,,
swin_panel,swin_gtsrb_badnet_a2o_0_1,swin,gtsrb,badnet_a2o,0.1,tm+band,,tm=0.4 band=None,band: ladder never reaches the 0.8 shift target,,,,,,,,,
swin_panel,swin_gtsrb_badnet_a2o_0_1,swin,gtsrb,badnet_a2o,0.1,tm+rd,min,tm=0.4 rd=0.09,,1.0,0.0092,1.0,0.0437,1.0,0.0944,1.0,0.189,0.9997
swin_panel,swin_gtsrb_badnet_a2o_0_1,swin,gtsrb,badnet_a2o,0.1,tm+rd,weighted,tm=0.4 rd=0.09,,1.0,0.0071,1.0,0.0412,1.0,0.0885,1.0,0.1789,0.9997
swin_panel,swin_gtsrb_badnet_a2o_0_1,swin,gtsrb,badnet_a2o,0.1,tm+band+rd,,tm=0.4 band=None rd=0.09,band: ladder never reaches the 0.8 shift target,,,,,,,,,
swin_panel,swin_gtsrb_blend_0_01,swin,gtsrb,blend,0.01,tm,psu,tm=0.5,,0.885,0.0102,0.9061,0.051,0.9174,0.1091,0.9438,0.1967,0.978
swin_panel,swin_gtsrb_blend_0_01,swin,gtsrb,blend,0.01,rd,psu,rd=0.03,,1.0,0.0043,1.0,0.0443,1.0,0.093,1.0,0.2031,0.9994
swin_panel,swin_gtsrb_blend_0_01,swin,gtsrb,blend,0.01,band,,band=None,band: ladder never reaches the 0.8 shift target,,,,,,,,,
swin_panel,swin_gtsrb_blend_0_01,swin,gtsrb,blend,0.01,late,,late=None,late: probe not defined for this architecture in config.PROBES,,,,,,,,,
swin_panel,swin_gtsrb_blend_0_01,swin,gtsrb,blend,0.01,tm+band,,tm=0.5 band=None,band: ladder never reaches the 0.8 shift target,,,,,,,,,
swin_panel,swin_gtsrb_blend_0_01,swin,gtsrb,blend,0.01,tm+rd,min,tm=0.5 rd=0.03,,1.0,0.0072,1.0,0.0469,1.0,0.0894,1.0,0.2041,0.9989
swin_panel,swin_gtsrb_blend_0_01,swin,gtsrb,blend,0.01,tm+rd,weighted,tm=0.5 rd=0.03,,0.8926,0.0102,1.0,0.0476,1.0,0.1024,1.0,0.1951,0.9956
swin_panel,swin_gtsrb_blend_0_01,swin,gtsrb,blend,0.01,tm+band+rd,,tm=0.5 band=None rd=0.03,band: ladder never reaches the 0.8 shift target,,,,,,,,,
swin_panel,swin_gtsrb_blend_0_05,swin,gtsrb,blend,0.05,tm,psu,tm=0.5,,0.9939,0.0085,0.9992,0.0508,1.0,0.1003,1.0,0.1907,0.9998
swin_panel,swin_gtsrb_blend_0_05,swin,gtsrb,blend,0.05,rd,psu,rd=0.02,,1.0,0.0071,1.0,0.0447,1.0,0.1029,1.0,0.1964,1.0
swin_panel,swin_gtsrb_blend_0_05,swin,gtsrb,blend,0.05,band,,band=None,band: ladder never reaches the 0.8 shift target,,,,,,,,,
swin_panel,swin_gtsrb_blend_0_05,swin,gtsrb,blend,0.05,late,,late=None,late: probe not defined for this architecture in config.PROBES,,,,,,,,,
swin_panel,swin_gtsrb_blend_0_05,swin,gtsrb,blend,0.05,tm+band,,tm=0.5 band=None,band: ladder never reaches the 0.8 shift target,,,,,,,,,
swin_panel,swin_gtsrb_blend_0_05,swin,gtsrb,blend,0.05,tm+rd,min,tm=0.5 rd=0.02,,1.0,0.0052,1.0,0.0397,1.0,0.0977,1.0,0.1984,0.9999
swin_panel,swin_gtsrb_blend_0_05,swin,gtsrb,blend,0.05,tm+rd,weighted,tm=0.5 rd=0.02,,0.9999,0.0078,1.0,0.0481,1.0,0.0996,1.0,0.1887,0.9998
swin_panel,swin_gtsrb_blend_0_05,swin,gtsrb,blend,0.05,tm+band+rd,,tm=0.5 band=None rd=0.02,band: ladder never reaches the 0.8 shift target,,,,,,,,,
swin_panel,swin_gtsrb_blend_0_1,swin,gtsrb,blend,0.1,tm,psu,tm=0.5,,0.9034,0.008,0.9318,0.0391,0.9505,0.0884,0.9722,0.1883,0.987
swin_panel,swin_gtsrb_blend_0_1,swin,gtsrb,blend,0.1,rd,psu,rd=0.05,,1.0,0.0033,1.0,0.0389,1.0,0.0827,1.0,0.1975,1.0
swin_panel,swin_gtsrb_blend_0_1,swin,gtsrb,blend,0.1,band,,band=None,band: ladder never reaches the 0.8 shift target,,,,,,,,,
swin_panel,swin_gtsrb_blend_0_1,swin,gtsrb,blend,0.1,late,,late=None,late: probe not defined for this architecture in config.PROBES,,,,,,,,,
swin_panel,swin_gtsrb_blend_0_1,swin,gtsrb,blend,0.1,tm+band,,tm=0.5 band=None,band: ladder never reaches the 0.8 shift target,,,,,,,,,
swin_panel,swin_gtsrb_blend_0_1,swin,gtsrb,blend,0.1,tm+rd,min,tm=0.5 rd=0.05,,1.0,0.0041,1.0,0.0326,1.0,0.0816,1.0,0.1864,0.9999
swin_panel,swin_gtsrb_blend_0_1,swin,gtsrb,blend,0.1,tm+rd,weighted,tm=0.5 rd=0.05,,0.9004,0.0067,1.0,0.0355,1.0,0.0856,1.0,0.185,0.9988
swin_panel,swin_gtsrb_blend_0_1,swin,gtsrb,blend,0.1,tm+band+rd,,tm=0.5 band=None rd=0.05,band: ladder never reaches the 0.8 shift target,,,,,,,,,
swin_panel,swin_gtsrb_bpp_0_01,swin,gtsrb,bpp,0.01,tm,psu,tm=0.5,,0.7489,0.0078,0.8517,0.0405,0.9325,0.0863,0.9861,0.1953,0.9794
swin_panel,swin_gtsrb_bpp_0_01,swin,gtsrb,bpp,0.01,rd,psu,rd=0.05,,0.9764,0.0029,0.9764,0.0415,0.977,0.0928,0.9827,0.2015,0.9909
swin_panel,swin_gtsrb_bpp_0_01,swin,gtsrb,bpp,0.01,band,,band=None,band: ladder never reaches the 0.8 shift target,,,,,,,,,
swin_panel,swin_gtsrb_bpp_0_01,swin,gtsrb,bpp,0.01,late,,late=None,late: probe not defined for this architecture in config.PROBES,,,,,,,,,
swin_panel,swin_gtsrb_bpp_0_01,swin,gtsrb,bpp,0.01,tm+band,,tm=0.5 band=None,band: ladder never reaches the 0.8 shift target,,,,,,,,,
swin_panel,swin_gtsrb_bpp_0_01,swin,gtsrb,bpp,0.01,tm+rd,min,tm=0.5 rd=0.05,,0.9765,0.0038,0.9772,0.0347,0.9794,0.0949,0.9831,0.191,0.9913
swin_panel,swin_gtsrb_bpp_0_01,swin,gtsrb,bpp,0.01,tm+rd,weighted,tm=0.5 rd=0.05,,0.9669,0.0073,0.9779,0.0362,0.9806,0.0841,0.9858,0.1906,0.9914
swin_panel,swin_gtsrb_bpp_0_01,swin,gtsrb,bpp,0.01,tm+band+rd,,tm=0.5 band=None rd=0.05,band: ladder never reaches the 0.8 shift target,,,,,,,,,
swin_panel,swin_gtsrb_bpp_0_05,swin,gtsrb,bpp,0.05,tm,psu,tm=0.5,,0.9542,0.0086,0.9736,0.0355,0.9868,0.0824,0.9957,0.1815,0.9966
swin_panel,swin_gtsrb_bpp_0_05,swin,gtsrb,bpp,0.05,rd,psu,rd=0.02,,0.9995,0.01,0.9996,0.0528,0.9996,0.0978,0.9996,0.193,0.9996
swin_panel,swin_gtsrb_bpp_0_05,swin,gtsrb,bpp,0.05,band,,band=None,band: ladder never reaches the 0.8 shift target,,,,,,,,,
swin_panel,swin_gtsrb_bpp_0_05,swin,gtsrb,bpp,0.05,late,,late=None,late: probe not defined for this architecture in config.PROBES,,,,,,,,,
swin_panel,swin_gtsrb_bpp_0_05,swin,gtsrb,bpp,0.05,tm+band,,tm=0.5 band=None,band: ladder never reaches the 0.8 shift target,,,,,,,,,
swin_panel,swin_gtsrb_bpp_0_05,swin,gtsrb,bpp,0.05,tm+rd,min,tm=0.5 rd=0.02,,0.9984,0.0078,0.9996,0.0436,0.9996,0.0877,0.9997,0.183,0.9996
swin_panel,swin_gtsrb_bpp_0_05,swin,gtsrb,bpp,0.05,tm+rd,weighted,tm=0.5 rd=0.02,,0.9667,0.0079,0.9987,0.0344,0.9996,0.0866,0.9997,0.182,0.9992
swin_panel,swin_gtsrb_bpp_0_05,swin,gtsrb,bpp,0.05,tm+band+rd,,tm=0.5 band=None rd=0.02,band: ladder never reaches the 0.8 shift target,,,,,,,,,
swin_panel,swin_gtsrb_bpp_0_1,swin,gtsrb,bpp,0.1,tm,psu,tm=0.4,,0.9877,0.0066,0.9922,0.051,0.994,0.1035,0.9976,0.2072,0.9985
swin_panel,swin_gtsrb_bpp_0_1,swin,gtsrb,bpp,0.1,rd,psu,rd=0.02,,1.0,0.0059,1.0,0.0429,1.0,0.0897,1.0,0.1925,0.9994
swin_panel,swin_gtsrb_bpp_0_1,swin,gtsrb,bpp,0.1,band,,band=None,band: ladder never reaches the 0.8 shift target,,,,,,,,,
swin_panel,swin_gtsrb_bpp_0_1,swin,gtsrb,bpp,0.1,late,,late=None,late: probe not defined for this architecture in config.PROBES,,,,,,,,,
swin_panel,swin_gtsrb_bpp_0_1,swin,gtsrb,bpp,0.1,tm+band,,tm=0.4 band=None,band: ladder never reaches the 0.8 shift target,,,,,,,,,
swin_panel,swin_gtsrb_bpp_0_1,swin,gtsrb,bpp,0.1,tm+rd,min,tm=0.4 rd=0.02,,1.0,0.0036,1.0,0.0448,1.0,0.0941,1.0,0.2003,0.9997
swin_panel,swin_gtsrb_bpp_0_1,swin,gtsrb,bpp,0.1,tm+rd,weighted,tm=0.4 rd=0.02,,0.9965,0.0057,1.0,0.051,1.0,0.1011,1.0,0.2102,0.9996
swin_panel,swin_gtsrb_bpp_0_1,swin,gtsrb,bpp,0.1,tm+band+rd,,tm=0.4 band=None rd=0.02,band: ladder never reaches the 0.8 shift target,,,,,,,,,
swin_panel,swin_gtsrb_lf_0_01,swin,gtsrb,lf,0.01,tm,psu,tm=0.5,,0.3963,0.0112,0.7685,0.0452,0.8898,0.0935,0.9807,0.1892,0.9648
swin_panel,swin_gtsrb_lf_0_01,swin,gtsrb,lf,0.01,rd,psu,rd=0.09,,0.0003,0.0078,0.0069,0.0473,0.0324,0.0933,0.1176,0.1917,0.5869
swin_panel,swin_gtsrb_lf_0_01,swin,gtsrb,lf,0.01,band,,band=None,band: ladder never reaches the 0.8 shift target,,,,,,,,,
swin_panel,swin_gtsrb_lf_0_01,swin,gtsrb,lf,0.01,late,,late=None,late: probe not defined for this architecture in config.PROBES,,,,,,,,,
swin_panel,swin_gtsrb_lf_0_01,swin,gtsrb,lf,0.01,tm+band,,tm=0.5 band=None,band: ladder never reaches the 0.8 shift target,,,,,,,,,
swin_panel,swin_gtsrb_lf_0_01,swin,gtsrb,lf,0.01,tm+rd,min,tm=0.5 rd=0.09,,0.2068,0.0102,0.6031,0.0418,0.7714,0.0914,0.9133,0.194,0.9349
swin_panel,swin_gtsrb_lf_0_01,swin,gtsrb,lf,0.01,tm+rd,weighted,tm=0.5 rd=0.09,,0.3444,0.0106,0.7456,0.0446,0.8773,0.0922,0.9757,0.1894,0.9611
swin_panel,swin_gtsrb_lf_0_01,swin,gtsrb,lf,0.01,tm+band+rd,,tm=0.5 band=None rd=0.09,band: ladder never reaches the 0.8 shift target,,,,,,,,,
swin_panel,swin_gtsrb_lf_0_05,swin,gtsrb,lf,0.05,tm,psu,tm=0.4,,0.8865,0.01,0.9299,0.0483,0.9448,0.0999,0.9681,0.2011,0.9804
swin_panel,swin_gtsrb_lf_0_05,swin,gtsrb,lf,0.05,rd,psu,rd=0.07,,0.0037,0.0147,0.0345,0.0538,0.1303,0.1072,0.3344,0.206,0.6702
swin_panel,swin_gtsrb_lf_0_05,swin,gtsrb,lf,0.05,band,,band=None,band: ladder never reaches the 0.8 shift target,,,,,,,,,
swin_panel,swin_gtsrb_lf_0_05,swin,gtsrb,lf,0.05,late,,late=None,late: probe not defined for this architecture in config.PROBES,,,,,,,,,
swin_panel,swin_gtsrb_lf_0_05,swin,gtsrb,lf,0.05,tm+band,,tm=0.4 band=None,band: ladder never reaches the 0.8 shift target,,,,,,,,,
swin_panel,swin_gtsrb_lf_0_05,swin,gtsrb,lf,0.05,tm+rd,min,tm=0.4 rd=0.07,,0.8623,0.0107,0.9178,0.0532,0.934,0.0996,0.9496,0.2133,0.9724
swin_panel,swin_gtsrb_lf_0_05,swin,gtsrb,lf,0.05,tm+rd,weighted,tm=0.4 rd=0.07,,0.8821,0.0105,0.9296,0.0504,0.9445,0.1019,0.9678,0.2024,0.9792
swin_panel,swin_gtsrb_lf_0_05,swin,gtsrb,lf,0.05,tm+band+rd,,tm=0.4 band=None rd=0.07,band: ladder never reaches the 0.8 shift target,,,,,,,,,
swin_panel,swin_gtsrb_lf_0_1,swin,gtsrb,lf,0.1,tm,psu,tm=0.5,,0.957,0.0078,0.9847,0.0494,0.9969,0.0946,0.9979,0.2004,0.9977
swin_panel,swin_gtsrb_lf_0_1,swin,gtsrb,lf,0.1,rd,psu,rd=0.07,,0.1732,0.0101,0.3813,0.0498,0.4821,0.1029,0.6448,0.206,0.7971
swin_panel,swin_gtsrb_lf_0_1,swin,gtsrb,lf,0.1,band,,band=None,band: ladder never reaches the 0.8 shift target,,,,,,,,,
swin_panel,swin_gtsrb_lf_0_1,swin,gtsrb,lf,0.1,late,,late=None,late: probe not defined for this architecture in config.PROBES,,,,,,,,,
swin_panel,swin_gtsrb_lf_0_1,swin,gtsrb,lf,0.1,tm+band,,tm=0.5 band=None,band: ladder never reaches the 0.8 shift target,,,,,,,,,
swin_panel,swin_gtsrb_lf_0_1,swin,gtsrb,lf,0.1,tm+rd,min,tm=0.5 rd=0.07,,0.9407,0.0061,0.9751,0.0483,0.989,0.1051,0.9974,0.2021,0.9956
swin_panel,swin_gtsrb_lf_0_1,swin,gtsrb,lf,0.1,tm+rd,weighted,tm=0.5 rd=0.07,,0.9565,0.0076,0.9834,0.0481,0.9968,0.0935,0.9979,0.2013,0.9973
swin_panel,swin_gtsrb_lf_0_1,swin,gtsrb,lf,0.1,tm+band+rd,,tm=0.5 band=None rd=0.07,band: ladder never reaches the 0.8 shift target,,,,,,,,,
swin_panel,swin_gtsrb_wanet_0_05,swin,gtsrb,wanet,0.05,tm,psu,tm=0.4,,0.0464,0.0049,0.732,0.0549,0.8665,0.1058,0.8746,0.203,0.8853
swin_panel,swin_gtsrb_wanet_0_05,swin,gtsrb,wanet,0.05,rd,psu,rd=0.07,,0.0032,0.0159,0.0111,0.0588,0.0151,0.103,0.0287,0.2029,0.3008
swin_panel,swin_gtsrb_wanet_0_05,swin,gtsrb,wanet,0.05,band,psu,band=0.99,,0.8678,0.0089,0.8772,0.0453,0.8849,0.1003,0.899,0.2066,0.9308
swin_panel,swin_gtsrb_wanet_0_05,swin,gtsrb,wanet,0.05,late,,late=None,late: probe not defined for this architecture in config.PROBES,,,,,,,,,
swin_panel,swin_gtsrb_wanet_0_05,swin,gtsrb,wanet,0.05,tm+band,min,tm=0.4 band=0.99,,0.8261,0.0032,0.8734,0.0508,0.8808,0.1122,0.8921,0.2024,0.924
swin_panel,swin_gtsrb_wanet_0_05,swin,gtsrb,wanet,0.05,tm+band,weighted,tm=0.4 band=0.99,,0.1475,0.0043,0.8532,0.0528,0.8729,0.1058,0.881,0.2001,0.9061
swin_panel,swin_gtsrb_wanet_0_05,swin,gtsrb,wanet,0.05,tm+rd,min,tm=0.4 rd=0.07,,0.0116,0.0102,0.4318,0.0524,0.7987,0.112,0.8818,0.2019,0.8713
swin_panel,swin_gtsrb_wanet_0_05,swin,gtsrb,wanet,0.05,tm+rd,weighted,tm=0.4 rd=0.07,,0.0434,0.0071,0.7161,0.0568,0.8687,0.1105,0.8768,0.2047,0.8838
swin_panel,swin_gtsrb_wanet_0_05,swin,gtsrb,wanet,0.05,tm+band+rd,min,tm=0.4 band=0.99 rd=0.07,,0.6811,0.0074,0.8755,0.0535,0.8847,0.1105,0.8951,0.2076,0.9262
swin_panel,swin_gtsrb_wanet_0_05,swin,gtsrb,wanet,0.05,tm+band+rd,weighted,tm=0.4 band=0.99 rd=0.07,,0.1152,0.0055,0.8146,0.055,0.869,0.1049,0.8805,0.2052,0.8962
swin_panel,swin_gtsrb_wanet_0_1,swin,gtsrb,wanet,0.1,tm,psu,tm=0.4,,0.0959,0.0087,0.3832,0.0433,0.8315,0.0978,0.9561,0.2069,0.919
swin_panel,swin_gtsrb_wanet_0_1,swin,gtsrb,wanet,0.1,rd,psu,rd=0.07,,0.0001,0.0109,0.0008,0.0503,0.0023,0.0962,0.014,0.1957,0.4579
swin_panel,swin_gtsrb_wanet_0_1,swin,gtsrb,wanet,0.1,band,psu,band=0.99,,0.9436,0.0062,0.9612,0.0506,0.9629,0.0966,0.966,0.1903,0.9771
swin_panel,swin_gtsrb_wanet_0_1,swin,gtsrb,wanet,0.1,late,,late=None,late: probe not defined for this architecture in config.PROBES,,,,,,,,,
swin_panel,swin_gtsrb_wanet_0_1,swin,gtsrb,wanet,0.1,tm+band,min,tm=0.4 band=0.99,,0.7908,0.007,0.9594,0.0475,0.9617,0.1011,0.9645,0.202,0.9718
swin_panel,swin_gtsrb_wanet_0_1,swin,gtsrb,wanet,0.1,tm+band,weighted,tm=0.4 band=0.99,,0.0995,0.0085,0.8245,0.0441,0.9541,0.1,0.9602,0.2067,0.9461
swin_panel,swin_gtsrb_wanet_0_1,swin,gtsrb,wanet,0.1,tm+rd,min,tm=0.4 rd=0.07,,0.0516,0.0089,0.195,0.0407,0.5371,0.0974,0.9396,0.1996,0.883
swin_panel,swin_gtsrb_wanet_0_1,swin,gtsrb,wanet,0.1,tm+rd,weighted,tm=0.4 rd=0.07,,0.09,0.0085,0.3565,0.0443,0.8095,0.0972,0.9561,0.2072,0.9164
swin_panel,swin_gtsrb_wanet_0_1,swin,gtsrb,wanet,0.1,tm+band+rd,min,tm=0.4 band=0.99 rd=0.07,,0.5577,0.0071,0.9582,0.0388,0.9608,0.0945,0.9633,0.194,0.9671
swin_panel,swin_gtsrb_wanet_0_1,swin,gtsrb,wanet,0.1,tm+band+rd,weighted,tm=0.4 band=0.99 rd=0.07,,0.0926,0.0085,0.4617,0.0438,0.9195,0.098,0.9573,0.209,0.9291
swin_panel,swin_tiny_adaptive_blend_0_1,swin,tiny,adaptive_blend,0.1,tm,psu,tm=0.4,,0.9871,0.0109,0.9871,0.0511,0.9871,0.1067,0.9871,0.2136,0.9871
swin_panel,swin_tiny_adaptive_blend_0_1,swin,tiny,adaptive_blend,0.1,rd,psu,rd=0.07,,0.9869,0.0073,0.9871,0.0472,0.9871,0.0915,0.9872,0.1872,0.9869
swin_panel,swin_tiny_adaptive_blend_0_1,swin,tiny,adaptive_blend,0.1,band,psu,band=0.95,,0.9871,0.0069,0.9872,0.0474,0.9872,0.0998,0.9877,0.2038,0.9912
swin_panel,swin_tiny_adaptive_blend_0_1,swin,tiny,adaptive_blend,0.1,late,,late=None,late: probe not defined for this architecture in config.PROBES,,,,,,,,,
swin_panel,swin_tiny_adaptive_blend_0_1,swin,tiny,adaptive_blend,0.1,tm+band,min,tm=0.4 band=0.95,,0.9871,0.0077,0.9872,0.0511,0.9872,0.0988,0.9872,0.1971,0.9897
swin_panel,swin_tiny_adaptive_blend_0_1,swin,tiny,adaptive_blend,0.1,tm+band,weighted,tm=0.4 band=0.95,,0.9871,0.0102,0.9871,0.0519,0.9871,0.1039,0.9871,0.2143,0.9868
swin_panel,swin_tiny_adaptive_blend_0_1,swin,tiny,adaptive_blend,0.1,tm+rd,min,tm=0.4 rd=0.07,,0.9871,0.0094,0.9871,0.0441,0.9871,0.0961,0.9872,0.1976,0.9872
swin_panel,swin_tiny_adaptive_blend_0_1,swin,tiny,adaptive_blend,0.1,tm+rd,weighted,tm=0.4 rd=0.07,,0.9871,0.0098,0.9871,0.0514,0.9871,0.1045,0.9871,0.2136,0.9868
swin_panel,swin_tiny_adaptive_blend_0_1,swin,tiny,adaptive_blend,0.1,tm+band+rd,min,tm=0.4 band=0.95 rd=0.07,,0.9871,0.0069,0.9871,0.045,0.9872,0.095,0.9872,0.1969,0.989
swin_panel,swin_tiny_adaptive_blend_0_1,swin,tiny,adaptive_blend,0.1,tm+band+rd,weighted,tm=0.4 band=0.95 rd=0.07,,0.9871,0.0093,0.9871,0.051,0.9871,0.104,0.9871,0.2141,0.9868
swin_panel,swin_tiny_badnet_a2o_0_01,swin,tiny,badnet_a2o,0.01,tm,psu,tm=0.4,,0.9982,0.0133,0.9996,0.0516,0.9997,0.1065,0.9999,0.2004,0.9985
swin_panel,swin_tiny_badnet_a2o_0_01,swin,tiny,badnet_a2o,0.01,rd,psu,rd=0.07,,0.0,0.0083,0.0253,0.0426,0.1447,0.1025,0.3426,0.2053,0.6506
swin_panel,swin_tiny_badnet_a2o_0_01,swin,tiny,badnet_a2o,0.01,band,psu,band=0.99,,0.8767,0.0098,0.9999,0.0441,0.9999,0.0935,0.9999,0.1996,0.9941
swin_panel,swin_tiny_badnet_a2o_0_01,swin,tiny,badnet_a2o,0.01,late,,late=None,late: probe not defined for this architecture in config.PROBES,,,,,,,,,
swin_panel,swin_tiny_badnet_a2o_0_01,swin,tiny,badnet_a2o,0.01,tm+band,min,tm=0.4 band=0.99,,0.9847,0.0111,0.9997,0.051,0.9999,0.1011,0.9999,0.1996,0.9972
swin_panel,swin_tiny_badnet_a2o_0_01,swin,tiny,badnet_a2o,0.01,tm+band,weighted,tm=0.4 band=0.99,,0.9977,0.0132,0.9996,0.0531,0.9997,0.1077,0.9999,0.2047,0.9978
swin_panel,swin_tiny_badnet_a2o_0_01,swin,tiny,badnet_a2o,0.01,tm+rd,min,tm=0.4 rd=0.07,,0.973,0.0093,0.9994,0.0447,0.9997,0.104,0.9997,0.204,0.9968
swin_panel,swin_tiny_badnet_a2o_0_01,swin,tiny,badnet_a2o,0.01,tm+rd,weighted,tm=0.4 rd=0.07,,0.9974,0.0122,0.9996,0.0506,0.9997,0.1042,0.9999,0.201,0.9974
swin_panel,swin_tiny_badnet_a2o_0_01,swin,tiny,badnet_a2o,0.01,tm+band+rd,min,tm=0.4 band=0.99 rd=0.07,,0.8698,0.0085,0.9997,0.0495,0.9997,0.0971,0.9999,0.2106,0.9958
swin_panel,swin_tiny_badnet_a2o_0_01,swin,tiny,badnet_a2o,0.01,tm+band+rd,weighted,tm=0.4 band=0.99 rd=0.07,,0.9974,0.0128,0.9996,0.0526,0.9997,0.1062,0.9999,0.2069,0.9968
swin_panel,swin_tiny_badnet_a2o_0_05,swin,tiny,badnet_a2o,0.05,tm,psu,tm=0.4,,0.9881,0.0101,1.0,0.0543,1.0,0.1084,1.0,0.2135,0.9987
swin_panel,swin_tiny_badnet_a2o_0_05,swin,tiny,badnet_a2o,0.05,rd,psu,rd=0.07,,0.0026,0.0087,0.0616,0.0442,0.2329,0.0931,0.4501,0.1994,0.69
swin_panel,swin_tiny_badnet_a2o_0_05,swin,tiny,badnet_a2o,0.05,band,psu,band=0.99,,0.0018,0.0108,0.7922,0.0538,0.9838,0.1024,0.9996,0.197,0.9575
swin_panel,swin_tiny_badnet_a2o_0_05,swin,tiny,badnet_a2o,0.05,late,,late=None,late: probe not defined for this architecture in config.PROBES,,,,,,,,,
swin_panel,swin_tiny_badnet_a2o_0_05,swin,tiny,badnet_a2o,0.05,tm+band,min,tm=0.4 band=0.99,,0.9309,0.0088,0.9992,0.0486,1.0,0.1123,1.0,0.2138,0.9979
swin_panel,swin_tiny_badnet_a2o_0_05,swin,tiny,badnet_a2o,0.05,tm+band,weighted,tm=0.4 band=0.99,,0.9828,0.0098,1.0,0.0499,1.0,0.1098,1.0,0.2182,0.9985
swin_panel,swin_tiny_badnet_a2o_0_05,swin,tiny,badnet_a2o,0.05,tm+rd,min,tm=0.4 rd=0.07,,0.9457,0.0117,0.9997,0.0462,1.0,0.1027,1.0,0.2015,0.9977
swin_panel,swin_tiny_badnet_a2o_0_05,swin,tiny,badnet_a2o,0.05,tm+rd,weighted,tm=0.4 rd=0.07,,0.9828,0.0099,1.0,0.0533,1.0,0.1092,1.0,0.2143,0.9984
swin_panel,swin_tiny_badnet_a2o_0_05,swin,tiny,badnet_a2o,0.05,tm+band+rd,min,tm=0.4 band=0.99 rd=0.07,,0.8927,0.0089,0.9976,0.0471,1.0,0.0979,1.0,0.2081,0.9969
swin_panel,swin_tiny_badnet_a2o_0_05,swin,tiny,badnet_a2o,0.05,tm+band+rd,weighted,tm=0.4 band=0.99 rd=0.07,,0.9828,0.0099,1.0,0.0505,1.0,0.1058,1.0,0.2179,0.9983
swin_panel,swin_tiny_badnet_a2o_0_1,swin,tiny,badnet_a2o,0.1,tm,psu,tm=0.5,,1.0,0.0136,1.0,0.0587,1.0,0.1086,1.0,0.2206,0.9998
swin_panel,swin_tiny_badnet_a2o_0_1,swin,tiny,badnet_a2o,0.1,rd,psu,rd=0.07,,0.0138,0.0075,0.2332,0.048,0.4982,0.0978,0.7514,0.2032,0.8485
swin_panel,swin_tiny_badnet_a2o_0_1,swin,tiny,badnet_a2o,0.1,band,psu,band=0.99,,0.0073,0.0138,0.7454,0.0572,0.9716,0.1063,0.9994,0.2156,0.952
swin_panel,swin_tiny_badnet_a2o_0_1,swin,tiny,badnet_a2o,0.1,late,,late=None,late: probe not defined for this architecture in config.PROBES,,,,,,,,,
swin_panel,swin_tiny_badnet_a2o_0_1,swin,tiny,badnet_a2o,0.1,tm+band,min,tm=0.5 band=0.99,,0.9997,0.0143,1.0,0.0646,1.0,0.1191,1.0,0.2199,0.9993
swin_panel,swin_tiny_badnet_a2o_0_1,swin,tiny,badnet_a2o,0.1,tm+band,weighted,tm=0.5 band=0.99,,1.0,0.0127,1.0,0.0589,1.0,0.1123,1.0,0.2247,0.9994
swin_panel,swin_tiny_badnet_a2o_0_1,swin,tiny,badnet_a2o,0.1,tm+rd,min,tm=0.5 rd=0.07,,0.9997,0.0112,1.0,0.0562,1.0,0.1109,1.0,0.2164,0.9994
swin_panel,swin_tiny_badnet_a2o_0_1,swin,tiny,badnet_a2o,0.1,tm+rd,weighted,tm=0.5 rd=0.07,,1.0,0.0113,1.0,0.0558,1.0,0.1093,1.0,0.2211,0.9994
swin_panel,swin_tiny_badnet_a2o_0_1,swin,tiny,badnet_a2o,0.1,tm+band+rd,min,tm=0.5 band=0.99 rd=0.07,,0.996,0.0092,1.0,0.0565,1.0,0.1073,1.0,0.2165,0.9993
swin_panel,swin_tiny_badnet_a2o_0_1,swin,tiny,badnet_a2o,0.1,tm+band+rd,weighted,tm=0.5 band=0.99 rd=0.07,,1.0,0.0114,1.0,0.057,1.0,0.1109,1.0,0.2213,0.9993
swin_panel,swin_tiny_blend_0_01,swin,tiny,blend,0.01,tm,psu,tm=0.5,,1.0,0.0131,1.0,0.054,1.0,0.107,1.0,0.2199,1.0
swin_panel,swin_tiny_blend_0_01,swin,tiny,blend,0.01,rd,psu,rd=0.07,,1.0,0.0106,1.0,0.0506,1.0,0.1003,1.0,0.1984,0.9985
swin_panel,swin_tiny_blend_0_01,swin,tiny,blend,0.01,band,psu,band=0.99,,0.6066,0.0111,0.9992,0.046,1.0,0.0951,1.0,0.1914,0.9891
swin_panel,swin_tiny_blend_0_01,swin,tiny,blend,0.01,late,,late=None,late: probe not defined for this architecture in config.PROBES,,,,,,,,,
swin_panel,swin_tiny_blend_0_01,swin,tiny,blend,0.01,tm+band,min,tm=0.5 band=0.99,,0.9997,0.0106,1.0,0.0555,1.0,0.096,1.0,0.2069,0.9992
swin_panel,swin_tiny_blend_0_01,swin,tiny,blend,0.01,tm+band,weighted,tm=0.5 band=0.99,,0.9999,0.0119,1.0,0.0543,1.0,0.1065,1.0,0.214,0.9992
swin_panel,swin_tiny_blend_0_01,swin,tiny,blend,0.01,tm+rd,min,tm=0.5 rd=0.07,,0.9997,0.0131,1.0,0.0545,1.0,0.1086,1.0,0.2063,0.9992
swin_panel,swin_tiny_blend_0_01,swin,tiny,blend,0.01,tm+rd,weighted,tm=0.5 rd=0.07,,0.9999,0.0124,1.0,0.0534,1.0,0.1043,1.0,0.217,0.9992
swin_panel,swin_tiny_blend_0_01,swin,tiny,blend,0.01,tm+band+rd,min,tm=0.5 band=0.99 rd=0.07,,0.9996,0.0094,1.0,0.0523,1.0,0.0999,1.0,0.2068,0.9989
swin_panel,swin_tiny_blend_0_01,swin,tiny,blend,0.01,tm+band+rd,weighted,tm=0.5 band=0.99 rd=0.07,,0.9999,0.0124,1.0,0.0525,1.0,0.1059,1.0,0.2152,0.9989
swin_panel,swin_tiny_blend_0_05,swin,tiny,blend,0.05,tm,psu,tm=0.5,,0.9996,0.0127,1.0,0.0485,1.0,0.1047,1.0,0.2091,0.9999
swin_panel,swin_tiny_blend_0_05,swin,tiny,blend,0.05,rd,psu,rd=0.07,,0.9911,0.0092,0.9991,0.0462,0.9996,0.097,0.9999,0.2014,0.9982
swin_panel,swin_tiny_blend_0_05,swin,tiny,blend,0.05,band,psu,band=0.99,,0.1174,0.0133,0.8966,0.0534,0.9901,0.0983,0.9999,0.1999,0.9689
swin_panel,swin_tiny_blend_0_05,swin,tiny,blend,0.05,late,,late=None,late: probe not defined for this architecture in config.PROBES,,,,,,,,,
swin_panel,swin_tiny_blend_0_05,swin,tiny,blend,0.05,tm+band,min,tm=0.5 band=0.99,,0.9986,0.0113,1.0,0.0552,1.0,0.0978,1.0,0.2072,0.9992
swin_panel,swin_tiny_blend_0_05,swin,tiny,blend,0.05,tm+band,weighted,tm=0.5 band=0.99,,0.9994,0.0094,1.0,0.0498,1.0,0.0978,1.0,0.2146,0.9992
swin_panel,swin_tiny_blend_0_05,swin,tiny,blend,0.05,tm+rd,min,tm=0.5 rd=0.07,,0.9986,0.0101,1.0,0.0444,1.0,0.0957,1.0,0.2072,0.9996
swin_panel,swin_tiny_blend_0_05,swin,tiny,blend,0.05,tm+rd,weighted,tm=0.5 rd=0.07,,0.9994,0.0094,1.0,0.0479,1.0,0.0964,1.0,0.2101,0.9996
swin_panel,swin_tiny_blend_0_05,swin,tiny,blend,0.05,tm+band+rd,min,tm=0.5 band=0.99 rd=0.07,,0.9977,0.0092,0.9999,0.052,1.0,0.1023,1.0,0.1947,0.9992
swin_panel,swin_tiny_blend_0_05,swin,tiny,blend,0.05,tm+band+rd,weighted,tm=0.5 band=0.99 rd=0.07,,0.9994,0.009,1.0,0.0482,1.0,0.0971,1.0,0.2107,0.9992
swin_panel,swin_tiny_blend_0_1,swin,tiny,blend,0.1,tm,psu,tm=0.5,,0.9996,0.015,0.9999,0.0529,1.0,0.1078,1.0,0.2146,1.0
swin_panel,swin_tiny_blend_0_1,swin,tiny,blend,0.1,rd,psu,rd=0.07,,0.9981,0.0077,1.0,0.0452,1.0,0.0927,1.0,0.1917,0.999
swin_panel,swin_tiny_blend_0_1,swin,tiny,blend,0.1,band,psu,band=0.99,,0.9599,0.0089,1.0,0.0467,1.0,0.0984,1.0,0.2154,0.9965
swin_panel,swin_tiny_blend_0_1,swin,tiny,blend,0.1,late,,late=None,late: probe not defined for this architecture in config.PROBES,,,,,,,,,
swin_panel,swin_tiny_blend_0_1,swin,tiny,blend,0.1,tm+band,min,tm=0.5 band=0.99,,0.9994,0.0109,1.0,0.0534,1.0,0.1006,1.0,0.2068,0.9999
swin_panel,swin_tiny_blend_0_1,swin,tiny,blend,0.1,tm+band,weighted,tm=0.5 band=0.99,,0.9996,0.0152,1.0,0.054,1.0,0.1055,1.0,0.2141,0.9999
swin_panel,swin_tiny_blend_0_1,swin,tiny,blend,0.1,tm+rd,min,tm=0.5 rd=0.07,,0.9994,0.0087,0.9999,0.0514,1.0,0.0936,1.0,0.1954,0.9998
swin_panel,swin_tiny_blend_0_1,swin,tiny,blend,0.1,tm+rd,weighted,tm=0.5 rd=0.07,,0.9996,0.0144,0.9999,0.0518,1.0,0.1014,1.0,0.21,0.9998
swin_panel,swin_tiny_blend_0_1,swin,tiny,blend,0.1,tm+band+rd,min,tm=0.5 band=0.99 rd=0.07,,0.9992,0.0092,1.0,0.0506,1.0,0.0984,1.0,0.1945,0.9998
swin_panel,swin_tiny_blend_0_1,swin,tiny,blend,0.1,tm+band+rd,weighted,tm=0.5 band=0.99 rd=0.07,,0.9996,0.0144,1.0,0.0513,1.0,0.1032,1.0,0.2117,0.9998
swin_panel,swin_tiny_bpp_0_01,swin,tiny,bpp,0.01,tm,psu,tm=0.5,,0.9889,0.0083,0.9947,0.0509,0.9959,0.1143,0.9961,0.2086,0.9972
swin_panel,swin_tiny_bpp_0_01,swin,tiny,bpp,0.01,rd,psu,rd=0.07,,0.9951,0.0063,0.9952,0.0455,0.9952,0.0978,0.9952,0.2023,0.9956
swin_panel,swin_tiny_bpp_0_01,swin,tiny,bpp,0.01,band,psu,band=0.99,,0.9651,0.0108,0.9946,0.0524,0.996,0.1074,0.9966,0.2127,0.9952
swin_panel,swin_tiny_bpp_0_01,swin,tiny,bpp,0.01,late,,late=None,late: probe not defined for this architecture in config.PROBES,,,,,,,,,
swin_panel,swin_tiny_bpp_0_01,swin,tiny,bpp,0.01,tm+band,min,tm=0.5 band=0.99,,0.9886,0.0106,0.9947,0.0539,0.9959,0.1047,0.9967,0.2166,0.9967
swin_panel,swin_tiny_bpp_0_01,swin,tiny,bpp,0.01,tm+band,weighted,tm=0.5 band=0.99,,0.9888,0.0083,0.9947,0.0508,0.9956,0.1101,0.9964,0.2147,0.9965
swin_panel,swin_tiny_bpp_0_01,swin,tiny,bpp,0.01,tm+rd,min,tm=0.5 rd=0.07,,0.9948,0.005,0.9955,0.0475,0.9957,0.1037,0.9961,0.2146,0.9963
swin_panel,swin_tiny_bpp_0_01,swin,tiny,bpp,0.01,tm+rd,weighted,tm=0.5 rd=0.07,,0.9906,0.0079,0.9956,0.0506,0.9959,0.1103,0.9961,0.2089,0.9968
swin_panel,swin_tiny_bpp_0_01,swin,tiny,bpp,0.01,tm+band+rd,min,tm=0.5 band=0.99 rd=0.07,,0.9947,0.0085,0.9957,0.0503,0.9957,0.1039,0.9962,0.2151,0.9965
swin_panel,swin_tiny_bpp_0_01,swin,tiny,bpp,0.01,tm+band+rd,weighted,tm=0.5 band=0.99 rd=0.07,,0.9889,0.0082,0.9955,0.0525,0.9959,0.1108,0.9961,0.2092,0.9966
swin_panel,swin_tiny_bpp_0_05,swin,tiny,bpp,0.05,tm,psu,tm=0.5,,0.9966,0.0116,0.9984,0.0475,0.9989,0.0946,0.999,0.2059,0.9993
swin_panel,swin_tiny_bpp_0_05,swin,tiny,bpp,0.05,rd,psu,rd=0.07,,0.9986,0.0058,0.9987,0.0432,0.9987,0.095,0.9987,0.1942,0.9988
swin_panel,swin_tiny_bpp_0_05,swin,tiny,bpp,0.05,band,psu,band=0.99,,0.9759,0.0085,0.9974,0.0476,0.9987,0.0944,0.999,0.2002,0.9977
swin_panel,swin_tiny_bpp_0_05,swin,tiny,bpp,0.05,late,,late=None,late: probe not defined for this architecture in config.PROBES,,,,,,,,,
swin_panel,swin_tiny_bpp_0_05,swin,tiny,bpp,0.05,tm+band,min,tm=0.5 band=0.99,,0.9962,0.0106,0.998,0.0501,0.9987,0.0947,0.999,0.1878,0.9986
swin_panel,swin_tiny_bpp_0_05,swin,tiny,bpp,0.05,tm+band,weighted,tm=0.5 band=0.99,,0.9962,0.0098,0.9982,0.0489,0.9989,0.0931,0.999,0.2079,0.9986
swin_panel,swin_tiny_bpp_0_05,swin,tiny,bpp,0.05,tm+rd,min,tm=0.5 rd=0.07,,0.9985,0.0078,0.9989,0.0504,0.9989,0.0873,0.9989,0.1958,0.9985
swin_panel,swin_tiny_bpp_0_05,swin,tiny,bpp,0.05,tm+rd,weighted,tm=0.5 rd=0.07,,0.9979,0.0097,0.9989,0.0459,0.9989,0.0932,0.999,0.2098,0.9986
swin_panel,swin_tiny_bpp_0_05,swin,tiny,bpp,0.05,tm+band+rd,min,tm=0.5 band=0.99 rd=0.07,,0.9982,0.0069,0.9989,0.0462,0.999,0.099,0.999,0.1891,0.9986
swin_panel,swin_tiny_bpp_0_05,swin,tiny,bpp,0.05,tm+band+rd,weighted,tm=0.5 band=0.99 rd=0.07,,0.9974,0.0097,0.9989,0.048,0.9989,0.095,0.999,0.2081,0.9986
swin_panel,swin_tiny_bpp_0_1,swin,tiny,bpp,0.1,tm,psu,tm=0.5,,0.9964,0.0131,0.9986,0.0411,0.9991,0.0954,0.9991,0.1888,0.9995
swin_panel,swin_tiny_bpp_0_1,swin,tiny,bpp,0.1,rd,psu,rd=0.07,,0.999,0.009,0.999,0.0476,0.999,0.0812,0.999,0.1765,0.9989
swin_panel,swin_tiny_bpp_0_1,swin,tiny,bpp,0.1,band,psu,band=0.99,,0.9946,0.0106,0.999,0.0444,0.9992,0.0915,0.9995,0.1871,0.9989
swin_panel,swin_tiny_bpp_0_1,swin,tiny,bpp,0.1,late,,late=None,late: probe not defined for this architecture in config.PROBES,,,,,,,,,
swin_panel,swin_tiny_bpp_0_1,swin,tiny,bpp,0.1,tm+band,min,tm=0.5 band=0.99,,0.996,0.0101,0.9989,0.0451,0.9992,0.0866,0.9995,0.1838,0.9992
swin_panel,swin_tiny_bpp_0_1,swin,tiny,bpp,0.1,tm+band,weighted,tm=0.5 band=0.99,,0.9956,0.0085,0.999,0.0428,0.9991,0.0946,0.9991,0.1862,0.9991
swin_panel,swin_tiny_bpp_0_1,swin,tiny,bpp,0.1,tm+rd,min,tm=0.5 rd=0.07,,0.9981,0.0045,0.999,0.0495,0.9991,0.0888,0.9991,0.1827,0.9993
swin_panel,swin_tiny_bpp_0_1,swin,tiny,bpp,0.1,tm+rd,weighted,tm=0.5 rd=0.07,,0.9975,0.0101,0.9989,0.042,0.9991,0.0962,0.9991,0.1842,0.9994
swin_panel,swin_tiny_bpp_0_1,swin,tiny,bpp,0.1,tm+band+rd,min,tm=0.5 band=0.99 rd=0.07,,0.9986,0.0058,0.999,0.046,0.9991,0.0932,0.9994,0.1848,0.9992
swin_panel,swin_tiny_bpp_0_1,swin,tiny,bpp,0.1,tm+band+rd,weighted,tm=0.5 band=0.99 rd=0.07,,0.9961,0.0103,0.999,0.0416,0.9991,0.0952,0.9991,0.1853,0.9991
swin_panel,swin_tiny_lf_0_01,swin,tiny,lf,0.01,tm,psu,tm=0.4,,0.9092,0.0134,0.9271,0.0548,0.9295,0.1097,0.9338,0.2049,0.9475
swin_panel,swin_tiny_lf_0_01,swin,tiny,lf,0.01,rd,psu,rd=0.07,,0.8336,0.0095,0.9225,0.0485,0.9304,0.1054,0.935,0.1973,0.9485
swin_panel,swin_tiny_lf_0_01,swin,tiny,lf,0.01,band,psu,band=0.99,,0.9246,0.0046,0.9304,0.0389,0.9386,0.0876,0.9524,0.1932,0.9725
swin_panel,swin_tiny_lf_0_01,swin,tiny,lf,0.01,late,,late=None,late: probe not defined for this architecture in config.PROBES,,,,,,,,,
swin_panel,swin_tiny_lf_0_01,swin,tiny,lf,0.01,tm+band,min,tm=0.4 band=0.99,,0.9249,0.0097,0.9288,0.0445,0.9322,0.0939,0.9425,0.1989,0.9637
swin_panel,swin_tiny_lf_0_01,swin,tiny,lf,0.01,tm+band,weighted,tm=0.4 band=0.99,,0.9185,0.0128,0.9278,0.0536,0.9294,0.1086,0.9335,0.1964,0.9493
swin_panel,swin_tiny_lf_0_01,swin,tiny,lf,0.01,tm+rd,min,tm=0.4 rd=0.07,,0.899,0.0132,0.9274,0.0462,0.9308,0.1037,0.9345,0.2012,0.9494
swin_panel,swin_tiny_lf_0_01,swin,tiny,lf,0.01,tm+rd,weighted,tm=0.4 rd=0.07,,0.9055,0.0124,0.9274,0.0534,0.9301,0.1096,0.9345,0.2033,0.9477
swin_panel,swin_tiny_lf_0_01,swin,tiny,lf,0.01,tm+band+rd,min,tm=0.4 band=0.99 rd=0.07,,0.9218,0.0124,0.9286,0.0421,0.9324,0.0949,0.9403,0.2056,0.9615
swin_panel,swin_tiny_lf_0_01,swin,tiny,lf,0.01,tm+band+rd,weighted,tm=0.4 band=0.99 rd=0.07,,0.9163,0.0128,0.9279,0.0513,0.93,0.1102,0.9343,0.2033,0.9484
swin_panel,swin_tiny_lf_0_05,swin,tiny,lf,0.05,tm,psu,tm=0.4,,0.9619,0.0102,0.9937,0.0589,0.9952,0.1058,0.9955,0.2039,0.9954
swin_panel,swin_tiny_lf_0_05,swin,tiny,lf,0.05,rd,psu,rd=0.07,,0.8921,0.0084,0.9861,0.0471,0.9932,0.0986,0.9952,0.1981,0.9929
swin_panel,swin_tiny_lf_0_05,swin,tiny,lf,0.05,band,psu,band=0.99,,0.995,0.0068,0.9954,0.053,0.9957,0.1003,0.9967,0.217,0.9981
swin_panel,swin_tiny_lf_0_05,swin,tiny,lf,0.05,late,,late=None,late: probe not defined for this architecture in config.PROBES,,,,,,,,,
swin_panel,swin_tiny_lf_0_05,swin,tiny,lf,0.05,tm+band,min,tm=0.4 band=0.99,,0.9937,0.0075,0.9952,0.0553,0.9956,0.1143,0.9961,0.2063,0.9973
swin_panel,swin_tiny_lf_0_05,swin,tiny,lf,0.05,tm+band,weighted,tm=0.4 band=0.99,,0.9849,0.0093,0.9952,0.0598,0.9952,0.1038,0.9954,0.2069,0.9963
swin_panel,swin_tiny_lf_0_05,swin,tiny,lf,0.05,tm+rd,min,tm=0.4 rd=0.07,,0.9455,0.0089,0.9897,0.0486,0.9954,0.0986,0.9957,0.2067,0.9949
swin_panel,swin_tiny_lf_0_05,swin,tiny,lf,0.05,tm+rd,weighted,tm=0.4 rd=0.07,,0.955,0.0101,0.9937,0.0591,0.9954,0.1006,0.9956,0.2025,0.9951
swin_panel,swin_tiny_lf_0_05,swin,tiny,lf,0.05,tm+band+rd,min,tm=0.4 band=0.99 rd=0.07,,0.992,0.0065,0.9952,0.0456,0.9954,0.1059,0.996,0.2017,0.9969
swin_panel,swin_tiny_lf_0_05,swin,tiny,lf,0.05,tm+band+rd,weighted,tm=0.4 band=0.99 rd=0.07,,0.9848,0.0098,0.9954,0.0592,0.9954,0.1004,0.9956,0.203,0.996
swin_panel,swin_tiny_lf_0_1,swin,tiny,lf,0.1,tm,psu,tm=0.4,,0.9492,0.0059,0.998,0.0441,0.9985,0.1018,0.9985,0.2126,0.9977
swin_panel,swin_tiny_lf_0_1,swin,tiny,lf,0.1,rd,psu,rd=0.07,,0.8535,0.0073,0.9876,0.0462,0.9967,0.0939,0.9989,0.1963,0.9945
swin_panel,swin_tiny_lf_0_1,swin,tiny,lf,0.1,band,psu,band=0.99,,0.9986,0.0107,0.9987,0.0475,0.9991,0.1058,0.9995,0.2087,0.9992
swin_panel,swin_tiny_lf_0_1,swin,tiny,lf,0.1,late,,late=None,late: probe not defined for this architecture in config.PROBES,,,,,,,,,
swin_panel,swin_tiny_lf_0_1,swin,tiny,lf,0.1,tm+band,min,tm=0.4 band=0.99,,0.9952,0.0067,0.9987,0.0491,0.9987,0.0974,0.9994,0.2103,0.9989
swin_panel,swin_tiny_lf_0_1,swin,tiny,lf,0.1,tm+band,weighted,tm=0.4 band=0.99,,0.9715,0.0063,0.9986,0.0435,0.9986,0.1087,0.9986,0.219,0.9981
swin_panel,swin_tiny_lf_0_1,swin,tiny,lf,0.1,tm+rd,min,tm=0.4 rd=0.07,,0.9332,0.0074,0.9957,0.0405,0.9985,0.095,0.9987,0.1986,0.9969
swin_panel,swin_tiny_lf_0_1,swin,tiny,lf,0.1,tm+rd,weighted,tm=0.4 rd=0.07,,0.945,0.0054,0.9975,0.0428,0.9986,0.1032,0.9986,0.2089,0.9977
swin_panel,swin_tiny_lf_0_1,swin,tiny,lf,0.1,tm+band+rd,min,tm=0.4 band=0.99 rd=0.07,,0.9876,0.0075,0.9986,0.0452,0.9987,0.0947,0.9992,0.2058,0.9987
swin_panel,swin_tiny_lf_0_1,swin,tiny,lf,0.1,tm+band+rd,weighted,tm=0.4 band=0.99 rd=0.07,,0.9582,0.0058,0.9982,0.0416,0.9986,0.1027,0.9986,0.2166,0.998
swin_panel,swin_tiny_wanet_0_05,swin,tiny,wanet,0.05,tm,psu,tm=0.4,,0.9857,0.0068,0.9897,0.058,0.9898,0.1165,0.9906,0.215,0.9914
swin_panel,swin_tiny_wanet_0_05,swin,tiny,wanet,0.05,rd,psu,rd=0.07,,0.0024,0.0065,0.1441,0.0447,0.3856,0.0991,0.716,0.2025,0.8344
swin_panel,swin_tiny_wanet_0_05,swin,tiny,wanet,0.05,band,psu,band=0.99,,0.9893,0.0083,0.9899,0.0465,0.9915,0.0967,0.9933,0.1921,0.9955
swin_panel,swin_tiny_wanet_0_05,swin,tiny,wanet,0.05,late,,late=None,late: probe not defined for this architecture in config.PROBES,,,,,,,,,
swin_panel,swin_tiny_wanet_0_05,swin,tiny,wanet,0.05,tm+band,min,tm=0.4 band=0.99,,0.9892,0.0083,0.9896,0.051,0.9905,0.1114,0.992,0.219,0.9941
swin_panel,swin_tiny_wanet_0_05,swin,tiny,wanet,0.05,tm+band,weighted,tm=0.4 band=0.99,,0.9794,0.0052,0.9896,0.0567,0.9898,0.1147,0.9907,0.2137,0.9915
swin_panel,swin_tiny_wanet_0_05,swin,tiny,wanet,0.05,tm+rd,min,tm=0.4 rd=0.07,,0.9301,0.0064,0.9901,0.0471,0.9908,0.1082,0.992,0.2101,0.9904
swin_panel,swin_tiny_wanet_0_05,swin,tiny,wanet,0.05,tm+rd,weighted,tm=0.4 rd=0.07,,0.9788,0.0064,0.9897,0.0542,0.9902,0.1162,0.9908,0.2137,0.9912
swin_panel,swin_tiny_wanet_0_05,swin,tiny,wanet,0.05,tm+band+rd,min,tm=0.4 band=0.99 rd=0.07,,0.9864,0.0075,0.9901,0.0459,0.991,0.1011,0.9923,0.2081,0.9931
swin_panel,swin_tiny_wanet_0_05,swin,tiny,wanet,0.05,tm+band+rd,weighted,tm=0.4 band=0.99 rd=0.07,,0.979,0.0055,0.9897,0.0548,0.9899,0.1191,0.9908,0.214,0.9911
swin_panel,swin_tiny_wanet_0_1,swin,tiny,wanet,0.1,tm,psu,tm=0.4,,0.9768,0.0094,0.9921,0.0508,0.9923,0.1103,0.9926,0.2126,0.9923
swin_panel,swin_tiny_wanet_0_1,swin,tiny,wanet,0.1,rd,psu,rd=0.07,,0.0003,0.0072,0.0011,0.0432,0.0049,0.098,0.0337,0.199,0.431
swin_panel,swin_tiny_wanet_0_1,swin,tiny,wanet,0.1,band,psu,band=0.99,,0.9926,0.0057,0.9941,0.0487,0.9946,0.0955,0.9965,0.2009,0.9979
swin_panel,swin_tiny_wanet_0_1,swin,tiny,wanet,0.1,late,,late=None,late: probe not defined for this architecture in config.PROBES,,,,,,,,,
swin_panel,swin_tiny_wanet_0_1,swin,tiny,wanet,0.1,tm+band,min,tm=0.4 band=0.99,,0.9925,0.0064,0.9935,0.0506,0.9942,0.102,0.9951,0.2096,0.997
swin_panel,swin_tiny_wanet_0_1,swin,tiny,wanet,0.1,tm+band,weighted,tm=0.4 band=0.99,,0.9872,0.0074,0.9927,0.0506,0.9927,0.1082,0.9931,0.2137,0.9948
swin_panel,swin_tiny_wanet_0_1,swin,tiny,wanet,0.1,tm+rd,min,tm=0.4 rd=0.07,,0.9004,0.0078,0.9903,0.041,0.9926,0.095,0.9937,0.2132,0.9915
swin_panel,swin_tiny_wanet_0_1,swin,tiny,wanet,0.1,tm+rd,weighted,tm=0.4 rd=0.07,,0.9667,0.0079,0.9921,0.049,0.9925,0.1058,0.9927,0.2063,0.992
swin_panel,swin_tiny_wanet_0_1,swin,tiny,wanet,0.1,tm+band+rd,min,tm=0.4 band=0.99 rd=0.07,,0.9917,0.0059,0.993,0.045,0.9937,0.093,0.9954,0.2042,0.9969
swin_panel,swin_tiny_wanet_0_1,swin,tiny,wanet,0.1,tm+band+rd,weighted,tm=0.4 band=0.99 rd=0.07,,0.9791,0.0073,0.9927,0.0489,0.9928,0.1054,0.993,0.2105,0.9942
