set,group_kind,group,combination,rule,n_models,tpr_0.01,tpr_0.05,tpr_0.1,tpr_0.2,fpr_0.01,fpr_0.05,fpr_0.1,fpr_0.2,auroc
backdoorbench,all,all,band,psu,10,0.5977,0.7288,0.7864,0.8577,0.0081,0.0462,0.0954,0.1949,0.9111
backdoorbench,all,all,tm,psu,10,0.6672,0.9295,0.9709,0.982,0.0081,0.0322,0.0677,0.1724,0.9797
backdoorbench,all,all,tm+band,min,10,0.5995,0.8639,0.9526,0.9833,0.0087,0.0369,0.081,0.1742,0.9785
backdoorbench,all,all,tm+band,weighted,10,0.6893,0.936,0.9664,0.9833,0.0082,0.0322,0.0677,0.1713,0.9815
backdoorbench,dataset,cifar10,band,psu,4,0.4626,0.6726,0.7295,0.7771,0.0053,0.0391,0.0847,0.1799,0.8557
backdoorbench,dataset,cifar10,tm,psu,4,0.6653,0.9637,0.9935,0.994,0.0017,0.0032,0.012,0.1196,0.9931
backdoorbench,dataset,cifar10,tm+band,min,4,0.3864,0.9303,0.9706,0.9944,0.0041,0.0172,0.0471,0.1258,0.988
backdoorbench,dataset,cifar10,tm+band,weighted,4,0.6494,0.9587,0.992,0.9943,0.002,0.0056,0.0159,0.1179,0.9927
backdoorbench,dataset,gtsrb,band,psu,3,0.382,0.5358,0.6516,0.8257,0.0095,0.05,0.1002,0.2017,0.8981
backdoorbench,dataset,gtsrb,tm,psu,3,0.4587,0.8463,0.9234,0.9528,0.012,0.0519,0.0998,0.1963,0.9509
backdoorbench,dataset,gtsrb,tm+band,min,3,0.494,0.6432,0.8843,0.9548,0.0098,0.0498,0.0994,0.1975,0.9476
backdoorbench,dataset,gtsrb,tm+band,weighted,3,0.4808,0.8488,0.9025,0.9551,0.0114,0.049,0.0972,0.1967,0.9526
backdoorbench,dataset,tiny,band,psu,3,0.9935,0.9966,0.9969,0.9971,0.0103,0.0517,0.105,0.208,0.998
backdoorbench,dataset,tiny,tm,psu,3,0.8781,0.9671,0.9883,0.9952,0.0129,0.051,0.11,0.2188,0.9906
backdoorbench,dataset,tiny,tm+band,min,3,0.9892,0.9962,0.9967,0.997,0.0136,0.0503,0.1079,0.2154,0.9968
backdoorbench,dataset,tiny,tm+band,weighted,3,0.9508,0.9931,0.9961,0.9968,0.0133,0.051,0.1074,0.2173,0.9954
backdoorbench,attack,blind,band,psu,1,0.0015,0.0268,0.0631,0.1651,0.0106,0.0671,0.1218,0.2369,0.4741
backdoorbench,attack,blind,tm,psu,1,0.5147,0.9167,0.9979,1.0,0.0018,0.0024,0.004,0.121,0.9981
backdoorbench,attack,blind,tm+band,min,1,0.0006,0.8094,0.914,0.9981,0.0064,0.0268,0.0688,0.1253,0.9779
backdoorbench,attack,blind,tm+band,weighted,1,0.4386,0.899,0.9924,1.0,0.0026,0.0071,0.0133,0.1135,0.996
backdoorbench,attack,inputaware,band,psu,1,0.9657,0.9741,0.976,0.9826,0.005,0.0474,0.0978,0.2016,0.9901
backdoorbench,attack,inputaware,tm,psu,1,0.8846,0.9418,0.9637,0.9788,0.0122,0.0528,0.1002,0.1867,0.98
backdoorbench,attack,inputaware,tm+band,min,1,0.9637,0.974,0.9771,0.9802,0.0099,0.0419,0.0999,0.1927,0.9887
backdoorbench,attack,inputaware,tm+band,weighted,1,0.9526,0.9711,0.9762,0.9796,0.0119,0.0473,0.0949,0.1831,0.9848
backdoorbench,attack,ssba,band,psu,3,0.5883,0.7593,0.8397,0.9277,0.0091,0.0443,0.0927,0.1904,0.9497
backdoorbench,attack,ssba,tm,psu,3,0.646,0.9248,0.9496,0.9627,0.009,0.0345,0.0755,0.1704,0.9663
backdoorbench,attack,ssba,tm+band,min,3,0.5474,0.7966,0.9433,0.9667,0.0092,0.0386,0.0809,0.1806,0.9665
backdoorbench,attack,ssba,tm+band,weighted,3,0.6476,0.9226,0.9504,0.9652,0.0092,0.0354,0.0746,0.1701,0.967
backdoorbench,attack,trojannn,band,psu,5,0.649,0.8018,0.8611,0.9291,0.0076,0.0428,0.0913,0.1878,0.9595
backdoorbench,attack,trojannn,tm,psu,5,0.6669,0.9324,0.9797,0.9906,0.0081,0.0326,0.0693,0.181,0.984
backdoorbench,attack,trojannn,tm+band,min,5,0.6778,0.8933,0.9609,0.9909,0.0086,0.0369,0.0797,0.1764,0.9838
backdoorbench,attack,trojannn,tm+band,weighted,5,0.7117,0.9445,0.9688,0.9916,0.008,0.0324,0.0691,0.1813,0.9866
